label,Stencil aperture,Stencil thickness,Peak reflow temperature,Placement offset,Ambient relative humidity
0,0.33964388922512434,0.0986576898802771,255.35600395583646,8.591802166227138,36.58749259582364
1,0.36394221348241895,0.10491764081599245,258.96637884425445,27.524568050433864,45.23208779850395
0,0.3559724101953719,0.09809470057177828,255.42002130575435,5.3864495857322305,43.84821669534698
1,0.36064590806325675,0.10236112960736558,261.679186166867,31.528771254692654,44.166859887942486
0,0.3366747304844632,0.09778131134862582,252.34243964858123,-4.178276595066257,37.803347723968066
1,0.3592070787595402,0.10321511396143185,257.6906486429572,29.08541477850884,44.66184990446128
1,0.35235385019276166,0.1032125725104573,260.3003768810041,24.0128945272023,46.7797651321887
0,0.34795007609822637,0.0996386269015254,256.3920063610358,7.258390680516128,40.204855913693166
0,0.3433647508844161,0.10202553682331289,252.04073995130696,-16.266467402170157,34.41751694344935
1,0.35551910210655935,0.10315595985121569,260.33286622497405,2.1158754848348416,45.79033730880772
0,0.3407844121860413,0.09949062276650876,254.3104493255196,3.1792289459471386,43.69101623225176
1,0.3562633706894136,0.1013872494338364,263.24738444067583,23.015716992339687,48.66603561146656
0,0.33149684881237246,0.10058360489917421,254.0761195230946,8.137584359682863,42.14628122235005
0,0.3434557473928068,0.09836093115817204,255.25858290057235,-11.612653647168385,38.61884380950652
0,0.332031792880542,0.10082697884441214,254.8643053261532,12.318973382213052,38.35907847284486
0,0.3361721754429008,0.099989752923168,255.52277668755258,-24.432129128204643,41.625420416161134
0,0.3333751742295782,0.09895329533698188,252.4948972709489,-10.219324032696425,39.33235511296021
0,0.3418050148692075,0.10069936209342095,258.1700831144973,-32.79249224992822,41.812169410816075
0,0.34573605256280737,0.10001109288733466,255.56101825043336,-9.509224453871303,41.920870582901784
1,0.3445497562278439,0.1042050238193558,261.1978411767559,29.120272778498986,43.36219377172311
0,0.327298153176364,0.09779377539746849,253.18538183686775,-19.812617760609637,38.14318311929227
0,0.3439732484459036,0.09819803603359877,255.04234882696585,-18.179943668296254,36.19556916355869
0,0.3252324367130159,0.09700100383757704,253.77975996695668,3.749839547597833,35.78298353146979
0,0.3412762020329237,0.0983552237813822,253.6946216970851,1.4993999123393673,38.28604876527535
1,0.3475927753199224,0.10403567869511637,259.6447196174017,30.699375721142967,52.96704075095607
0,0.3444183048333611,0.0982357830772373,252.95312586376434,1.7898980684091286,43.721401112996936
0,0.3368793088754243,0.09758002309351084,255.6554957149137,15.651069645460394,41.154742050568856
0,0.3353029884342545,0.09776072718309808,257.87639907531906,-19.525974084266405,41.922432331123
0,0.34267971826987975,0.1020089874515015,255.39011392890282,-0.9197556345015325,35.28721592122358
0,0.3385173658015473,0.09528952892828711,255.36933568042056,16.240545742007143,37.23280441076175
0,0.3308733535081896,0.10137878946124541,255.02976152924202,0.8464413723074554,42.65526770333589
1,0.37424328429164627,0.1054337388372656,257.30106461436026,0.9917293939234391,49.995621370358684
0,0.3409630615503867,0.09901062253715788,253.29599604385777,10.21068346793982,44.42577611231325
1,0.3506803949454015,0.10416668537890243,259.2269783499232,11.968776637915655,50.99870055877718
0,0.3413098873011127,0.10127225664065018,254.0581412528455,21.856347827298222,39.75639605288883
0,0.3346895959880143,0.09995403782441944,255.6572295790637,6.165279163108578,42.274570796172945
0,0.33884119822101927,0.09923979368481252,253.47092532099813,15.618450321209524,40.38618328424749
0,0.3510084028770972,0.10055490323534508,254.47089915418115,3.875636030741606,43.131506460742926
0,0.33799861933425757,0.10196295079831644,253.00746458773648,14.99257935488072,38.15404182521917
1,0.3377454883492512,0.1020235376598826,262.72821333131805,22.139985795501126,45.88035155732204
0,0.3369812068331644,0.09966417336356044,255.7943956773878,-2.206911819374826,42.43954761641295
0,0.3460001091656525,0.09813085220317168,255.25588940179108,-3.8580333886906,39.2464118210595
0,0.346302312336185,0.09963696259545274,256.29906617609413,14.289907484549163,37.97710976617392
0,0.3373644317341941,0.09808780811851985,255.8826110112036,21.1706526440879,38.72561771898957
0,0.3449073303228476,0.10110972101753792,253.20360842102093,-6.094715241466842,39.797291927823075
1,0.3563111363871856,0.10348840308501833,259.3093651707273,20.569879880855137,43.35021176510178
0,0.3411348617496319,0.09926220938590014,255.5473208221842,-1.9722307174708424,43.22703386435323
0,0.3478687678903196,0.09661984883598428,254.53914789783187,1.4551081288072754,41.04416501839919
0,0.3392106133404142,0.10199135754158639,256.25782278018687,16.375739334708232,37.23555593696675
0,0.3396537419491141,0.1015743237249377,253.82275265587518,-5.5048694441272685,36.694265033509794
0,0.34166920318573996,0.0986516763111591,256.1997486160364,7.32135418578288,34.068504896405685
0,0.3310483580378145,0.10144244192865162,255.3882784680681,6.656446495912532,39.6369278853617
0,0.33597334699745796,0.10140264268433954,255.5373650316729,-7.250227121825397,37.62759601215494
0,0.339604994885255,0.09952596986564803,255.05688391563075,1.9587244168185602,35.00650438096634
0,0.33649259269827003,0.0999130150914999,253.43128597535477,-17.504357463607484,37.725650837848626
0,0.3473318430582461,0.09747668668755198,258.24409396800627,3.8804826714779406,35.529283964589034
0,0.34566095549773684,0.10015344420729957,256.54664143413777,-3.677909603714604,37.44201778905938
0,0.33342437388855434,0.09924192664477352,253.15997671846367,24.72355966968651,37.63087956494748
0,0.3428513815525198,0.10038361035382412,253.5589488211971,38.9459537972895,41.32119861486577
0,0.33396050542452005,0.09949223474760979,256.3633712968784,-11.066351258067671,35.596213605644486
0,0.34052133509578286,0.09724878355391274,255.96056695316963,10.562627394025323,44.853437948664414
0,0.3342188438364737,0.09954941896298132,254.2746865530457,7.805877199321042,45.408513043359214
0,0.3348785865507861,0.10349341401428279,254.45126493380954,-2.8506032362905507,40.98738549510056
1,0.36227297917812173,0.10268965546739821,258.05928801510845,1.163699350620643,46.70237182640122
0,0.3467866732910873,0.100934566391798,256.15646243309953,10.540428780977829,43.81567367333914
1,0.35923888992647457,0.10293568047559756,260.501163633359,25.69244458777387,47.558941249810594
0,0.3320089166976172,0.09960501264704798,254.36723404974464,5.2242859145413725,49.250153257007256
0,0.34503216459947483,0.09967569266427634,256.6322468349134,-7.700522474260347,43.49447525567094
0,0.3349946520839422,0.0997329553022427,255.05086841857224,16.25844769682042,39.290895734564515
0,0.34052028847878646,0.10068438345440828,257.52216122411903,7.113975762435191,42.219075051284115
0,0.3298357787057183,0.10118573028624259,256.60628078391284,-0.5011405208114007,34.72104516855348
0,0.34633187973595025,0.09944082221223305,255.6605322705659,7.511236885616661,40.089991501628646
0,0.339803134159952,0.0989881491786348,254.5014106622288,-5.433681809591641,41.66860426311769
1,0.3542050367507488,0.09935948751441992,256.4460307763145,18.039008761230136,53.362139974243235
0,0.3382684121511451,0.10040144866667049,254.28547826191968,-15.424065343872856,39.11809559374171
0,0.3441623011744055,0.09954433882081119,253.84278283747057,6.263360326870352,34.01686142104664
0,0.3423514541384174,0.0970603151542724,254.08756443542438,15.429795735507218,41.06435088253205
0,0.3315143854791692,0.09971332975968195,257.522413013747,-14.659564841638344,41.18902168116752
1,0.3561218759613804,0.10396796569120358,258.6678808528014,5.908116674625642,49.5247334111213
1,0.35428156319557447,0.1003515853377884,258.7084524845987,19.11555872110338,50.788983670517815
1,0.3461265347292785,0.10153712359952716,257.5573581137779,5.489484334895273,50.453693071455845
0,0.33480585989431594,0.10160549486124987,255.20267625434116,-12.73679916727174,43.58662362791401
0,0.3348008838196758,0.09976882304462462,254.4836721158184,7.296773056618351,36.36713679333201
0,0.32494167177225897,0.10006321386156708,257.243795887005,5.820494307821974,44.18571433817319
0,0.3278178026193786,0.09950254521829309,258.63219067509783,-1.526139841309215,37.534832537042035
0,0.3431524001263264,0.10216076322845077,254.5565625414326,8.724751657311746,37.59277858931432
0,0.3309721311642219,0.09830308826670404,258.4176933850566,-0.32101772695215264,44.973501442646935
0,0.3502413881295119,0.0996421908568091,251.5002730212852,5.600484248790067,42.67136490594539
0,0.3386769379734823,0.09891235704390665,256.7819836500633,2.658314947746146,36.702536729436055
0,0.34046537884504424,0.09920660892444082,253.45381505217554,-1.1833693655591826,35.99832171620026
0,0.355196008295121,0.09565515944915412,253.95179910180903,7.678136554437747,42.40266022134137
1,0.3568851826694442,0.1019682998132629,259.05525703979254,16.87644388466572,43.942986684354594
0,0.3346292676158562,0.09988149184850381,255.69841208368328,4.579484976969372,44.09022959673938
0,0.3424568711405832,0.09814001451124142,257.15363031076214,7.809498691588881,40.57495207724729
1,0.3544191167800088,0.10256521574587782,256.3347816126681,36.522698582537984,44.97191420609842
1,0.34438592057782474,0.10284149668325468,258.23884381532747,43.145507807570105,46.570865353163576
1,0.3600696971386562,0.10131488443512832,258.78263387387193,26.836237407876954,43.72527189387588
0,0.328433084402858,0.10036863666470885,253.82058780561263,-7.331133142203267,39.06869793937981
0,0.3482543472298989,0.09806655863535044,253.6559735726235,9.84537775293382,39.251391373002534
0,0.3458560461290267,0.09802576739978978,252.2441157805892,-3.173288532807667,39.14100194232064
1,0.33924764967082033,0.10512207146857626,259.5395767570815,31.238986954077298,50.45603921789125
0,0.34008504818028035,0.09978809276917955,255.6372593717233,-0.999608972466623,40.5534762000584
0,0.3348934774533395,0.10009922105100634,258.27968286985305,-2.8538850263833333,40.49710218103591
1,0.34607539304273066,0.10559218780118053,257.10392140054876,37.02170792923845,44.568848649624464
0,0.33308575739817264,0.1014586704213713,254.8048518072047,-22.460589681849612,41.81046233133153
0,0.3414306017454287,0.10207417103717897,250.26434631048278,9.565925801316281,36.08517613704188
1,0.35814762064397837,0.10313154459376253,259.02949261712274,36.46700900561757,41.56726364223973
1,0.3498277231907024,0.10620211212237186,256.75295592925954,27.807322106199415,45.17692221562871
1,0.35326852911874274,0.1027933501500485,258.77743952655004,22.541775350057097,42.8882378515882
1,0.3463476000339359,0.10372406155739934,257.4618219927468,22.130763553698362,50.72321146468675
1,0.3451229603638402,0.10242248113505098,256.3429964868268,12.160625319255395,49.3112131519499
1,0.3550016138414972,0.10328266458310438,259.38224657356426,19.09531885869022,47.1883630524733
0,0.33765411601105444,0.09946374702355294,253.53146090441595,5.216997679765173,41.09479015715166
0,0.3421274830021205,0.10256394094464105,254.13471796678695,-12.765200168654445,43.70999890421719
0,0.34643813836039805,0.09968284344366936,255.49324684638532,-0.3413512293604911,36.80702732700349
1,0.34906083017424633,0.10339215115372151,257.9792742378935,20.039952582709077,41.327997335948375
1,0.35007838996065277,0.10178650072999376,259.10648490433294,21.348129032918123,48.43486743653279
1,0.35347890515446917,0.10527283455156347,257.2618141566907,25.682016638767266,45.65516877425677
0,0.34842224915304765,0.10212118572218187,254.55737975285183,-4.617465883334405,43.03793556189648
0,0.3333615440085891,0.09858370525698819,253.32452275870048,6.205849313285073,36.2838147876621
0,0.33991187934991196,0.09957202751062895,254.1925808497249,5.1951633897337555,38.110705930220206
1,0.3697069191620475,0.10113554678023726,258.5659825299734,19.163574247925936,45.60988230332148
0,0.3443305624507981,0.10054472256958842,254.02214329712857,2.4499990919533965,39.92229299165588
0,0.349467946891639,0.0986404995039379,257.14341404022144,-25.285743714198073,43.0692342968885
0,0.34541592993175085,0.10093427640790802,256.1965529923884,-6.45030914639717,41.75840001593785
0,0.33852228155069325,0.09736246386654329,253.73580232249887,-22.592371677635583,40.53714081787129
0,0.34725303034923144,0.10036607446011013,252.7583578075323,-12.479779865456232,36.59629851446531
1,0.35924272946350355,0.10211342650589737,259.81620152085094,29.703399520548643,41.33853626366282
0,0.3354553246801718,0.10126732888077102,256.3049345743128,-25.955063067589528,38.4409942271941
0,0.34219685400564237,0.09754202482850531,253.593265256913,-12.22793664892468,39.06984212590976
0,0.34221476794577615,0.09877942088609488,256.81798115108637,-9.422204910960026,41.604321324412524
1,0.35666308133117236,0.1035248829479274,261.4278843066136,11.783459874826692,44.33582676422392
1,0.34279937861714455,0.1060600517059573,260.2200635096724,49.703053566033546,44.27003575794015
0,0.3407828452908662,0.10126550478974326,253.05880960596843,-12.029147546700878,44.90065763580661
0,0.33623128278806347,0.10163946837354233,255.55448978040087,-6.633201328819691,37.73099336079178
1,0.3473108880037706,0.10364000738024944,256.2101212266668,29.877090722233277,50.08526893022699
0,0.33918888019530535,0.10055656333033647,253.8598447023738,-0.731761817589395,41.804602224948496
1,0.35084770712377567,0.10261324439432118,256.75548710538635,26.825895733288913,44.074400797289144
0,0.33855339368777077,0.10187522576565348,254.93763275489698,23.546542159223986,45.08461444396261
0,0.3416793216503834,0.10120825607329885,253.69199159898878,3.4287883483201407,35.978956181803376
0,0.33035013887696274,0.10234801797754817,256.4672213780536,3.5951446174811936,39.66422257247732
0,0.3435478212824885,0.10099149921145216,255.50020468362152,-1.2796945590988715,39.42321513697614
0,0.32608074520955815,0.10276669169712263,254.08916463338372,7.783937838591952,41.671962596327795
0,0.33735446076716125,0.09941492027103022,255.96305646397133,-12.20851887753377,40.050982638598725
1,0.3603567944940637,0.10301658193411321,257.5015732185531,30.540273745263594,44.42060074052474
0,0.3475509598199573,0.10158170138949635,254.0627086382352,1.8457727675709095,35.03975579879616
0,0.34920763781315384,0.09812126941429435,255.80032859435232,-11.630820203289469,38.575467391692904
0,0.3351847483865338,0.10022011676446171,255.31668998000538,30.383228165759824,39.250260078216456
0,0.33504078297052337,0.09723581356921719,258.4741807521078,8.788773368642326,35.13886332649659
0,0.3450043667688011,0.10139317689929593,254.94122157211942,16.2260008805274,45.29527024711544
0,0.34159376990279,0.10014071945248608,256.7730524294524,-12.327889485453499,42.209039490759785
0,0.34484013049204454,0.09934571404737517,256.75323731572007,-6.493451687536006,38.55661722374938
0,0.339404191496904,0.09936728369839168,253.4656769449423,12.809694666839615,38.829320661369756
1,0.3506529758169763,0.10325393500633248,257.10709704085815,39.261603084405294,44.07748693835605
1,0.3446671869857603,0.10293756430440304,257.3884101708912,34.43170533707673,45.907412107433444
0,0.33960660704664997,0.09736960571464612,251.32252881278401,7.278403705960108,41.57925721463667
0,0.3411251290629848,0.099795429331912,253.95370609174094,18.372408458080994,38.62584058483456
0,0.3265057495624419,0.09612702716440003,255.41102315466063,6.992308256616592,39.67914118712943
0,0.3307533618976428,0.09814645981422086,255.21196926214805,-4.927264328980065,39.84697841122949
0,0.34435230975191944,0.09817567995802057,256.16777847451215,-5.398161819954183,38.19076980103625
1,0.35262477431912237,0.10072833319922421,259.1840951797074,23.225512067188667,42.25590232514179
0,0.3290401124259335,0.09880089121871784,253.28798306740745,-7.309637821577694,45.284243795228875
1,0.3455394721334794,0.10318209144387673,257.02023845578395,18.447428106413916,44.30116008492024
0,0.34737057646070135,0.09719519761041383,257.519869939822,-9.033549017654622,42.6619715653017
0,0.33480447536693425,0.09886063546073898,256.22600133673825,1.6970114641670606,39.099975490544885
0,0.3328060313565222,0.1000374849738417,256.41722073752044,3.4265635188596577,36.745108274987786
0,0.34630197308362093,0.0986597521099262,257.0379707283305,16.226088998001686,36.78181053758853
1,0.3577627070679008,0.1031124616502772,255.50506251142974,38.63268085274652,50.60331593934315
1,0.3550803744301944,0.10081844287544674,253.50374205675564,61.81347659325104,46.42881537576491
0,0.337815930434017,0.0996658519860761,255.47550768308213,6.068525797963266,43.49177548395869
0,0.3375918867973351,0.10024034578913127,255.19136605175947,-18.36164846506234,40.00295393341202
0,0.348371061977642,0.10193881569995872,254.96982857195823,-16.521529392071308,44.1449725644987
0,0.34186663571208165,0.09796948149421468,256.0050307687453,-5.603103052139403,43.280718205400824
0,0.3346610036264708,0.10058014330850688,254.5781159570132,0.636707520973697,42.5708207618408
1,0.3590544150137396,0.10390528334099662,260.09551739536835,2.1728227843709895,49.608811590916254
0,0.35347194914205055,0.10229879658560095,254.1434765608486,11.881360419963423,40.51845042716309
0,0.3334816478093928,0.10108293723123397,254.1105034184108,17.211039904597712,38.04767193864392
1,0.3480537500855814,0.10194013714073445,258.7617599621778,23.625236034811163,44.68354056064489
1,0.3555103235588696,0.10086650371862096,260.2580080890342,58.531383066301785,47.25073562274134
1,0.35879132920258355,0.10237818007561184,258.7778216547643,17.821043924491576,43.496065122039944
0,0.33457838848100513,0.10068879290411896,254.3532532247209,7.107001766849936,42.71881610850049
1,0.34987776331839493,0.10110576177051774,257.40726050306375,25.1700038683883,51.364695246940926
1,0.3538357640477257,0.10436340185621966,259.28446973990486,24.631202184080415,47.03014937807108
0,0.3456208773679519,0.09899783514626084,255.52356944727387,1.8065686182435081,40.51456157171523
0,0.33793820271620484,0.09797997656565398,256.8166821350053,-17.607422521457757,34.07900901372652
0,0.3444165150529466,0.09869224335889959,254.75269992112877,-6.399889227340179,41.14742703385693
1,0.35183163498470493,0.10439394661721378,258.0723368535915,15.380415406636168,51.90988998558083
0,0.3347885401026168,0.10068527610261994,256.6184387641006,-4.363725388397025,45.881786213359995
0,0.33714640146169594,0.09926541562956341,251.54446557071424,-5.497289802975425,40.660311490274225
0,0.3402157451323425,0.09865791608545121,254.30035817420313,7.020901260015848,35.75966053269212
1,0.35035101175289074,0.10240947549911573,260.58875776369354,22.549438364208033,43.261698498071965
0,0.33791142220374376,0.09867844130510776,252.86484813770699,20.32717649590898,43.36430719851135
1,0.35745981915641406,0.10567561207796311,258.0472525546188,28.69331850780051,42.88355661040274
0,0.3380212524444804,0.10202152997901215,253.26363968168727,-14.564739452150606,41.15236280040656
1,0.3449409159571676,0.10322484481639549,257.26171320698086,23.09002419396918,49.52989131718318
1,0.34992976505080126,0.10106271332633238,255.2783996005756,17.00391373189597,46.82197703606757
1,0.350661550608365,0.10441083890080216,258.97058995127236,20.691325053387185,44.58940342281142
0,0.33228533084114564,0.10090439743771895,256.7533548391531,-14.403924945097714,39.196983099197624
0,0.3453207351766014,0.09990804087850982,254.9831886098225,8.403808691473753,40.07241495537191
0,0.34750215004219936,0.09970142952086575,254.9641998369574,-6.211095317859027,38.52007676693239
0,0.33767378682177923,0.09825130437160565,253.3955579036732,14.650941832794322,41.313909238990526
0,0.3403886929460595,0.10108920723538412,256.41265778620385,10.257085931048099,35.289154377551334
0,0.33717291735504085,0.09956161977394767,255.45774765011046,19.75350640285116,37.06749805986512
0,0.34499971352228126,0.09933163228029353,252.68857908694102,-21.152795353648003,45.865586185500014
0,0.3435505103981249,0.10146691674267,258.11036322917266,8.026133144261143,38.225955700886026
1,0.34542374283910515,0.10401513785547786,256.20294832732026,2.2440300435080047,49.46357949393705
0,0.3422755247489075,0.09810103644070826,252.78202124808223,16.57110563601864,36.90844753207774
1,0.3390417047909023,0.10267543212590903,258.3698579467144,25.043002065524632,49.59780886384212
0,0.34429822883917666,0.10015969311154371,252.42433290853668,3.140540050969109,39.25218522556149
0,0.3432616141976595,0.09813662343535272,254.4136900159121,5.344111900618275,36.26731066049824
0,0.33895090907452524,0.09805715772256803,255.13547353321928,-14.162637074063554,43.02167985318879
1,0.3505261917955666,0.10292767003156837,260.53615684488574,23.51600805570739,46.572085450949366
0,0.3438625180030308,0.0979142508673915,252.97450284522284,-12.86401787507352,39.494285758805944
0,0.34426204929815524,0.09896569727904016,255.22689015976962,-27.814381174966805,42.43997373492601
0,0.3371018132241017,0.09697836440361388,253.95441916421203,-2.10022618862904,40.902936855430895
0,0.34402913018183645,0.09909089229871983,257.94404766192656,-6.187385326143715,41.828201889279505
0,0.3438895675070763,0.09912541964251088,258.0519612283362,12.474228915322986,38.20896471029582
0,0.3511396609192859,0.100336078804913,252.36412829143777,0.7589469004945165,35.621389938265004
0,0.3358614739929263,0.10125430697251808,256.97564053339335,3.4876268944251265,30.962419705284105
0,0.3390582080860089,0.10032725526285408,256.0447310531429,5.866813198607731,44.31578812265229
0,0.33921299829126084,0.09991649803891396,254.5182966395909,2.051794001175104,39.115783412155054
0,0.33397709430656825,0.09983082160274483,255.9721726904693,-38.11708188724212,42.011513779261925
0,0.32426989637716436,0.09962525213295982,257.8935082370413,18.816487605875288,44.044238050030664
0,0.33195420318046365,0.09985016365136937,256.02090074852674,-8.827050403824929,40.17673637899344
1,0.3546739798123539,0.10325866372147645,261.33170417488395,19.09741524196532,47.51177321158151
0,0.34777128075010166,0.10091173892523612,256.064245655024,-11.004635363477698,40.06590990301584
1,0.3578028566182559,0.10350661476396367,254.94855690729707,26.652224612315294,45.37086414359671
1,0.3428110638665677,0.10216602520237592,256.97957059677486,35.81381601686808,45.27146653146314
0,0.3430337986513826,0.10296966350429029,255.84444915592437,-12.276018190195497,36.27948317592243
0,0.33058184806138136,0.09924739799134182,254.48804979555084,-6.520847040134869,41.5208424345247
0,0.3339578572634263,0.0981678182469551,255.50898408402355,4.289806957719509,41.320801735781075
0,0.3447764687475127,0.099373434298837,257.72564082312175,-18.884630627438195,39.761982074544456
0,0.3373594680696375,0.10141349489423546,255.4869181765394,-15.542442753507242,41.94979915185524
1,0.3572940558302654,0.10211960484705378,259.02744462981065,37.533693432894445,47.07925778175882
0,0.3418521442122051,0.09892945363089682,256.6505231602424,-18.006871828559106,41.98671715340181
1,0.34885382236337453,0.10456322638592974,259.1358887365846,24.240820188954746,46.5578834601524
1,0.34559715282573,0.10598281020807625,258.265399669273,24.66267540433919,44.96602864922351
1,0.3608792216293486,0.10309505668390584,259.59783517843505,11.807148655057954,44.05714510742732
1,0.3433496389755201,0.10267224376253764,259.7037703025688,24.987141291901434,47.577378482646346
0,0.34828562932495766,0.09622898817856018,253.94429940632492,4.529817850317364,39.13155108948536
0,0.3449420345487721,0.09786501494431202,254.04482507063807,-14.80709373571229,37.93767847965786
1,0.342501578766072,0.10118556810493191,258.6908948796376,42.85100383663736,44.68751572817132
0,0.33605542100255337,0.1022560733390076,252.9904081932314,-9.859828778914455,37.24395830103184
0,0.34716488480852875,0.10031616693533305,254.92451417001305,1.8136437132561594,35.89890864827013
1,0.3496211908867632,0.1036733685724571,257.51654846391205,25.43308668825683,47.62883702589558
1,0.36062960265237554,0.10268082426793945,257.22497352175964,56.16393171991313,46.75586712089232
0,0.3387056721182238,0.09774924442982129,251.72669874213494,-7.245860308110572,43.14158396298701
1,0.3391028319626029,0.10460011680851423,258.09462521200356,4.1200210510771065,46.18403474930463
1,0.3544192307249064,0.10376754599491417,261.4546640322144,41.81913729577769,46.90949042133531
0,0.3419105931061628,0.10476676499645773,254.7661126010266,10.420520865568008,43.01530144185667
0,0.33585938089152606,0.09637696492183219,253.08083984179302,-22.008261571840542,42.25838792794521
0,0.34404725610489323,0.10050583412694024,253.17534069254845,-15.528974601503215,42.06072727299796
0,0.33718949221584094,0.10231357848532364,254.9227942849553,-0.6952095760576226,36.94729046648957
0,0.3312566801668429,0.10079674060276825,252.71621646991636,-0.7798218562656787,40.33023416274094
0,0.34275405648491153,0.09988949818156212,258.0189583124103,11.294794304406794,33.775850591021886
0,0.33808699273897463,0.1017745983119537,255.34009603804142,-27.82510026969026,40.11758679353546
1,0.3615610660251797,0.10553937487042503,258.8922986097592,17.782012936964662,54.160996633924555
0,0.3493922277611449,0.1000547844686007,255.8197837622463,-4.16357877376948,41.65886912129334
0,0.34640701912182814,0.10037171662829264,256.100285191232,-5.575162520191417,44.110505793447395
0,0.341387812235595,0.10087323917175303,255.2584488197919,-18.160174565959665,44.46217174649558
0,0.3244444562624903,0.10139626427849018,255.57559811250596,-6.374454046052974,41.537738970229064
0,0.3399173502230516,0.10407194436789655,254.30202900860064,2.508850399726867,39.097003420832365
1,0.3337876613506417,0.10384017284338422,258.54644285308103,23.905721427800028,41.09451766778889
1,0.3547670930320189,0.10368882558304222,255.64656326897907,37.70125934376825,47.36553697528454
0,0.341476737928722,0.09838807053292709,253.9724498509839,-2.6140627919423234,34.8606356486734
0,0.3359523803489728,0.1010138058578868,252.71471450752108,-26.43414438766047,44.36092345784453
0,0.3418718338857402,0.09898349916483502,255.88776779363474,11.389491144259136,39.276893918045545
0,0.3444780062871433,0.09856581163337162,254.8609629587005,27.641078556265946,37.096751194915036
0,0.330809012308319,0.09812283313737907,256.94941351218495,-16.655620822489112,44.64657709257146
0,0.3381315397965344,0.09962154790682204,257.0288021355097,18.651709964722976,43.91148216481485
0,0.3391519675774314,0.0973622892899269,254.12044167663754,-30.763557980439824,35.69572315546304
0,0.33925552924631264,0.10103918861154808,256.1700576354667,4.507507103002816,41.936299031506195
1,0.3454941445338117,0.10419290260794371,257.12886936323895,40.47222516139535,43.89108192542099
0,0.34279402337752507,0.09892556072011723,257.46859167919814,-3.0150068969067516,36.799782945241816
0,0.32674373823181113,0.10386309863682094,253.67548913801892,-16.456841672697024,40.89736670414468
0,0.33348961728347015,0.09839262755430205,256.23053234799835,-3.042916195177394,42.138318984536525
0,0.3383669517115556,0.09995287053420493,252.7687323989644,9.065947920104023,46.401058588353386
1,0.33994962254638394,0.10208633907892257,258.7430432006834,20.212248520461216,53.815822034589424
1,0.3533463547851263,0.10175503363332347,257.11885306254203,20.70227383290763,41.879089628569766
0,0.3367072795022441,0.10128965302154026,255.96976833266413,10.63005361112699,37.12318075316722
0,0.34682353342810857,0.10060473983431699,251.44099259448438,12.181489694495633,36.05876595153096
0,0.3394112120904922,0.10005780483269515,252.4308103474879,-10.07096816831558,43.27581206387573
0,0.35134681835124104,0.10051334220384348,252.17604589405732,25.423743843201123,39.591359061924805
0,0.35749130026060855,0.09855386284928155,251.72507726526092,-1.1606464963879286,45.88923151577234
0,0.35276823021749215,0.10093230434139469,255.83437858693753,16.751717886581257,34.13161118288285
0,0.33775193230837014,0.10285536989912926,251.60703285273243,28.357561590847062,36.75514781795488
0,0.3449103385263013,0.10067146517768562,255.88902825511042,-4.102116279732381,41.67047733554799
1,0.3533416530763843,0.10497281482747234,257.0319237510824,16.534572464459806,50.004625456860104
0,0.333332100512897,0.10220628985500803,257.857406447511,22.55531987683656,42.2433179875086
1,0.3603109083164311,0.10132945984397872,258.946287321565,32.51675416973121,45.74619078167686
0,0.34193520510951153,0.09986233925304588,255.9978322514285,-10.777095385477272,37.95869370196387
1,0.35730629028815925,0.10442626278782143,259.2285358633621,39.752502574018436,42.55702458960457
1,0.36229318327931326,0.10291090027466641,258.2268922770405,23.89111984172502,47.924284738777224
1,0.36084764190917035,0.10470974834529402,257.64701420899036,37.720595080887854,47.08618295309525
0,0.3362672243367677,0.09949839193303696,254.93410463661473,12.545701185253181,36.746511237910134
0,0.3513609925640336,0.09979076713239542,255.63741888931088,0.2114817137722477,40.63698670499346
0,0.3380364874941695,0.09663374777794684,255.38612031065458,-2.90066174957587,34.84735128390348
0,0.33189344281421335,0.09859700737658171,254.9305322840235,-22.33518716339212,43.08909602941142
0,0.3514588375185072,0.10142535445928272,254.82465177077447,4.411232391598968,40.00883094973982
1,0.3466584839406128,0.1011824180434436,257.82836656546726,26.217413491142832,44.6652241300762
0,0.34581951871949224,0.09756899593947008,254.98978564375506,-6.2571394247953425,36.99437199132252
0,0.33489131585690196,0.10071556283183317,252.84058309129156,-33.23456923351657,40.718516113328526
0,0.3437299658737625,0.09990057021734007,255.61038391005042,6.828771585362285,41.233521795344025
0,0.3377182374933736,0.09872380044775318,255.710390112219,-2.846935460971298,40.20782623580252
0,0.3437870391016695,0.09859737004753018,254.01316406828946,6.064283201286592,41.59019435303922
0,0.3552683858731637,0.09884799583589204,255.98813936645678,-20.303718509020932,39.85128572949707
1,0.34792400178555594,0.10219889907525356,257.94206512194717,10.542843191787512,49.132243223321424
0,0.332731075192073,0.10028821793381223,254.62209671934238,-12.219360059851567,40.75685941436466
0,0.3348730947543237,0.09892963614952388,256.9601601988053,-2.9194801102479673,39.581031196688485
0,0.3412786692106894,0.09931848566024605,254.29967021959774,16.205785731509035,39.33898676113007
0,0.344781540457652,0.10424594590667263,255.11802946885217,6.287463113325951,47.40333031030279
0,0.34617069526373073,0.09839404425806554,254.1141416040705,-13.218309852154977,38.46566399933936
1,0.35709125348394455,0.10079557086384397,258.4832600456987,15.383090167401203,47.16902983577198
0,0.3395314514890688,0.09942401092716727,253.1650218634374,-18.652066380910995,40.17182614373254
0,0.3396463927331875,0.09766771400909445,256.2788212185859,-11.789564967453764,39.42117671798722
0,0.3314816833201829,0.09985710264038099,251.6509304203981,12.098319907115544,43.00025711822015
1,0.3529537453882389,0.10212392373681492,257.4349714217647,57.65393419753313,52.191360294126646
0,0.3467037478169086,0.09770742936848344,253.01430778235246,1.8540563272690058,40.95119908199119
1,0.3462766328724662,0.10471699728607353,260.28675926165386,5.9168024833877055,47.369185442775624
0,0.328589282660988,0.09858264393528268,255.02424132591415,15.79697898682876,38.732999368321444
0,0.34221854460130935,0.10020258769619901,256.1536201424949,-9.47945024139588,39.69148357290308
0,0.3468311003876157,0.10101873712352832,254.50852327951378,-6.655951829802259,44.77015421933227
0,0.3434931038085773,0.09826375202985314,255.59631936438535,10.801888196993874,38.88020506899147
1,0.3595125943967008,0.10533108276379294,259.03139265854537,34.23682029901597,43.06550328046757
0,0.3405972410183065,0.10165765753423316,251.50166246703546,6.883936599736053,38.96596739956514
1,0.34530637054578267,0.10341498273361749,258.79553910414967,25.648743267996156,48.74587206457069
1,0.3514502188025478,0.09841658205559096,259.09829020659834,42.10259809169346,44.716733030313556
0,0.3423872305702607,0.09833420133616802,256.2490096170377,-3.1642614922073,41.790975612382034
0,0.33428865340060127,0.10061630862831698,256.81488129980676,-17.85402829265826,41.920311948492774
0,0.337933309209135,0.09899565689387588,250.38844733280442,7.442476158455693,41.06329401832407
0,0.34906389940765015,0.10276168665214097,254.5219258908333,2.0271502848441076,35.83069117954955
0,0.3368057527011887,0.09958469032845362,254.4208341983146,-6.595731676680321,41.02002322297065
0,0.33976720811396893,0.09947557110174066,253.33977803971396,-9.69164740569013,40.63023276925241
1,0.35341963388804626,0.10132296115127902,260.3652468761223,15.87198688156331,48.83559932114011
0,0.3308920194818915,0.10102872035733701,255.29021092347367,12.127134612652542,38.8375380133001
0,0.3334224823347747,0.10180092522799504,256.0963748159006,14.721865566894152,43.92674426099642
0,0.3476270617367577,0.10195584414192015,253.75932000584876,4.414092192624872,37.23550754622886
0,0.3298099170629005,0.1002533931475008,256.01056460824395,0.9364918615561532,39.89925069406485
0,0.3403657168339818,0.10303414728514981,253.836730700089,-0.5079114121383509,42.87559417158691
0,0.3573549837957438,0.1007096667641254,255.72719778342312,-6.335018990739056,41.489753193597245
0,0.33239199168016836,0.09701440392497863,253.3357480885261,6.921003656058056,39.29331991408648
1,0.34278034057807505,0.10479984201824465,257.94040341909397,30.800351346578406,47.9225423283511
0,0.3329602618031478,0.10047553748179959,254.5920758300085,8.912209889302344,41.97670239421864
0,0.34124477077330906,0.1031002476861654,255.18868716490817,-8.991572644312303,41.92045397279379
0,0.3505433758241099,0.09949501888427749,256.0067584070086,8.338688509148191,42.150143622876605
0,0.34327120407659684,0.10266107412053453,254.93887073859517,5.74514572805552,40.93739861168495
0,0.3484077809458587,0.0994404060710447,253.27788987140343,-4.516190098472534,44.794989363453354
0,0.3427640984464976,0.10093423535123053,256.32476480188745,-11.705204058341662,40.07235525009472
1,0.35548585493858875,0.10296781136305824,257.1924364019435,31.195107361268175,46.49530723529896
0,0.33307044628741284,0.1035621131454647,256.2245179077532,6.813113063669749,40.898170149995586
1,0.3713074867373111,0.10441930707424334,257.0576455127082,29.88106879335498,48.20532233046622
0,0.33859397539027764,0.10031030810343992,256.9392630008933,-6.08666126449327,41.705375493453744
0,0.3391226453454697,0.10388840033136067,252.52405047882397,3.5311032109042695,36.80365966416044
0,0.3338490358984441,0.1030491542260071,256.9767095594114,-15.014019915007877,43.175273220580074
1,0.3632068837615026,0.10611320732717905,260.368001098187,32.479663915539916,45.86386551125236
0,0.3312402158589272,0.09954881978820097,253.5112778888682,-9.347760210347085,38.217908313560685
0,0.33936501042917744,0.10211698632157974,254.41130135640682,11.406112535158433,40.69662213603892
0,0.33114938363170865,0.10128315020045903,256.4092657429392,14.979782697363516,38.46162725398535
0,0.3463864894570807,0.10361489161761435,255.21572839783207,-6.862766244959057,40.80099729804413
1,0.3496521045540617,0.10310782648632362,260.59210982763585,48.9405463053004,43.90965720591225
1,0.3453681685204261,0.10173667406342374,257.3679035576764,45.442430687599085,49.675453609184984
0,0.3581694862140109,0.1004819627926235,252.89247335076493,14.30070007295629,37.66073462922146
0,0.34305436470974854,0.10104890813345498,255.65714768166228,5.976502378907172,45.83009177418686
0,0.3274242359575607,0.09911148322467352,254.18512069847824,18.403234593262187,37.45157897732272
1,0.35020081116438734,0.10381391588456246,259.25313259411365,20.79802543340721,44.372582949208514
0,0.3401969981378451,0.10218647800571556,254.28850107650507,-7.833552625414439,40.56150288159348
0,0.3304985580122556,0.10041396855499023,256.69566442355136,4.824212485697577,39.23950741669744
1,0.349461095383615,0.10401903807425542,260.22209083592827,16.24396988529017,42.582250307345305
1,0.35202649145065806,0.10556624545143652,258.7879575247506,35.57410007313965,44.60923670723156
0,0.33818059563124625,0.09801895290879416,257.2901985636531,9.142129160834159,43.65459833230604
1,0.3599339041887079,0.10422435914176816,258.6231590276179,13.817787082064095,43.385691057447744
0,0.34433682544330607,0.09908855865162769,254.72245861785035,-27.356063973418667,38.09233995750273
1,0.34720542417897843,0.1046048820115491,257.84200259691164,19.026567681658648,46.02161519778764
0,0.34241699219305927,0.09924733918661716,254.31770376395414,15.314091924958166,36.29205286066474
1,0.364874856138939,0.10389529947512646,262.41385440851946,15.976650360979322,37.58086517325561
0,0.3409769200950858,0.10096268777200527,256.2076164252147,2.6114310515405044,40.75879597572496
1,0.35083644820132265,0.10099860850037928,255.33954471763656,38.65781052441418,48.85929264365509
0,0.348113393303777,0.09952140335801775,254.38870878406308,4.9892841046065035,37.55541708654007
0,0.3347825475797881,0.09878049172620801,252.81854447079772,-10.135219834914587,42.21485046081736
0,0.34076241770882465,0.09852507168064041,252.8143171112946,23.89567607403845,42.4974457589194
0,0.3474124708511136,0.09853836358919363,252.99312990580725,1.7667524030249047,46.54333712807733
0,0.3374919417275229,0.09551068389929633,253.60920085289916,12.845066567532722,41.63789874207957
1,0.36269732341718736,0.10102495982344481,257.6603400596944,41.69251424523833,47.78364285222731
0,0.33656001530313484,0.10034528994298995,258.6989435715127,5.214960122218332,43.23842858842223
1,0.359084129751681,0.10231521330995413,258.2260155636461,31.029124615921376,47.44727862839608
0,0.345285569713344,0.09873075582769246,252.37425840776132,-9.0236881492325,39.92685151013208
0,0.34193788512041046,0.10142400207652148,254.72662564904468,-20.496808323412115,46.1342177311887
0,0.33947351806313325,0.09768654450074209,256.1803769615015,5.373572960645668,44.35278543545239
0,0.3355738913513066,0.09804092636295678,254.93263501158287,-4.1003143207946104,41.557568432619576
0,0.3294305585807895,0.10056376923413714,256.10466725325296,5.120560040198996,40.60323178113542
1,0.3637301052823821,0.10241516795806191,259.08201462220484,32.76237302477533,44.32104114080234
0,0.3429655798630924,0.10273824225537886,253.94284539426934,-13.07146800658332,40.21752676233285
0,0.34730798860740586,0.0995852439806138,253.89260363041086,14.785830622480768,42.04753352523988
0,0.3524175631502538,0.10101496699495928,254.22384689564115,16.440750410030265,36.00109397886038
0,0.3377995593242012,0.1004687965619859,256.4309888287324,14.875178737798812,40.68640891670601
0,0.3493583046478995,0.10100527575129939,255.15189301126566,10.503989766937547,37.77514122883612
0,0.35413831452374056,0.10243261278881498,254.52522139511362,5.448852496852042,37.067028111607165
0,0.3390078638038049,0.10052866954425202,255.7538292737703,26.351480167806503,41.498404690760154
0,0.3516695720234835,0.0996941839757008,255.21275525196774,6.282914860488217,42.13222960176741
0,0.3427146643677319,0.10207276708605532,254.40855012338164,14.020735928767397,43.67898072809161
0,0.34031269915062834,0.09870201711454449,253.61548491498556,-0.9813965072181269,39.7743969441046
0,0.34344511613791584,0.09893430658031153,256.51890483546947,6.7622541245465,35.89782994424897
1,0.374742135557309,0.10249237806474698,261.13270646435495,36.456934115986996,53.44945193382628
0,0.3407673629493373,0.09790749675029518,255.9173135789421,7.5004106456135125,41.10315246172136
0,0.3433353277852317,0.10033809013416418,254.87440460372576,-12.606921423436543,38.824059359685855
0,0.3351982536568722,0.0996887567229812,257.8601556026845,3.6747754907601924,38.16316927269042
0,0.34287854131948015,0.10089913378428404,252.89056793637448,-10.206900787704399,38.463699779167
0,0.33998464878775264,0.0989553530920897,257.3433683034396,-18.15188189253957,41.574194182468425
1,0.35663665253621024,0.10309502236416959,258.5638552685412,15.97688114000189,46.828137713268845
0,0.3395172949986484,0.09891944605264374,255.74048131946597,8.525536510444159,36.09401443513032
0,0.33942610877469265,0.0979860565448385,257.06200903201557,5.565111887806852,42.758404903729854
0,0.35154688293784253,0.09918531095587615,254.9354835306446,24.29330976168529,41.238817100156226
1,0.36271147472413773,0.10233108438397483,259.6537021750915,44.72101433763598,42.85327340936722
1,0.3507178606972322,0.10314598739372191,260.9411616893872,30.407108553996007,46.28684776387543
1,0.35022897719161494,0.10257675900726841,258.5712985026491,21.284372158579068,49.662160252619
0,0.3386758887304492,0.10094988008173776,254.49889787920628,14.701051336955944,45.75692545836382
0,0.3422167930498785,0.09824175050583372,257.00776880417044,-10.641191876698535,36.213074732448575
0,0.33529223517155954,0.10030070007557151,257.0065492523493,18.24438481039304,38.894020710677395
1,0.349808917636517,0.1005115768125257,259.84532982313084,40.225004939419065,39.46964540710799
0,0.33606561375064603,0.09980155616440248,259.7046090217019,7.018422543313982,41.389455522579034
0,0.3366218625840959,0.09607942935184847,254.48577996056116,20.728060381256622,42.50002004583302
1,0.35140630670930717,0.10423894336865137,257.5665102415114,36.731223496431916,52.50923489117037
0,0.3462552419546304,0.0984356506144223,253.2408562149677,32.424335588693665,39.49028722508225
0,0.3316909334618211,0.10158507047820534,252.73444700773274,-5.704875962061465,43.13790191965665
0,0.33826558967916937,0.09814880336509171,253.4468896822588,-21.504383003816,37.76703781637826
1,0.3483634408527759,0.10136042834755479,260.30058740719153,28.088471632800708,38.54465395008651
0,0.3489139671584761,0.09896103743133797,258.1515412046062,6.3795735894925,42.518811741351996
1,0.34653117792049065,0.10494860774308828,256.6060890425822,40.60993840934256,47.79123801313192
0,0.34068559835650497,0.09797766369790513,256.10845387463166,19.78153477225289,43.974768020165676
0,0.33577609146137377,0.09808824802331284,250.2137398609146,4.693760037464817,45.26755805634986
0,0.3438458334357518,0.09787647297733987,254.22704921485817,7.612209807304864,39.29353491256671
0,0.3446240405302287,0.10155418634194138,251.81309172028892,-6.325252233710158,43.43521893396305
1,0.3510154968337528,0.10288095775472743,258.7245202545368,24.845724752074254,45.14153378331136
1,0.35603964800002086,0.10276679692942661,254.28929979186873,36.9155224178883,47.05252107593698
0,0.3413445373259448,0.09733204273260869,255.230871427133,34.66115725215718,45.30314494852454
0,0.3453500997979626,0.09961890054765374,253.50877941322688,6.915116973989701,38.24262379852313
0,0.332852566383056,0.10105732462775585,256.68790285903447,0.5488379583300425,33.9891532164892
0,0.3407107562821765,0.10104718509801774,255.11605224240088,-25.23142945419687,37.47117456086397
0,0.344438048352583,0.09839518856775002,254.75485950330997,0.46622151694343333,37.04036938248013
1,0.34780884744178103,0.10021128655160792,257.9523005101481,47.46450444641645,47.22923649151035
1,0.35443004541348927,0.10357811867272321,259.5448608523951,27.86704421698871,49.4882752563925
0,0.34576656580521625,0.10225462242257873,257.87250536025294,2.458651863981393,39.19836570964957
0,0.3379577119303215,0.09583557407446926,252.9035612168949,-9.700880487650178,37.9774101077744
0,0.32886717341981675,0.09669332020397892,256.04706628762216,-15.075214364676535,36.64071178212667
1,0.3546547319714473,0.1066880083460077,258.1401166227665,25.77887942681506,46.735385110120724
0,0.348561193070612,0.09902886592437245,253.5637741232698,22.201862990996265,35.824301894671336
1,0.36481705554745175,0.10207728380633062,257.4226897265404,15.414866100145307,46.56751140112431
0,0.34343805809238553,0.09950775203507614,252.87750890512115,0.21271051658221496,39.66587900072363
1,0.35395079089819415,0.1024693802879784,259.6488432070259,30.829112199355336,49.607301522726075
0,0.3294770611164671,0.10031474781800157,254.77413392518122,-9.175724576756943,40.2486117773827
1,0.35501284890696844,0.10369910638421488,256.88314021951203,1.2780981471371646,45.859073166825006
1,0.3443160354270086,0.10161257211309446,261.3577686066406,15.24081857630682,47.45731574121844
0,0.33507122287488844,0.10212779211861106,253.07160353271868,23.364077106934573,43.74724416744217
1,0.3516033809461609,0.10425457992087499,256.5678979981486,20.61836911337094,49.21994199112973
0,0.3388965135388374,0.10015063381068545,258.0523904788198,20.11597724708204,38.13759875687425
1,0.3502713172493182,0.10327753898759819,257.8109923650234,36.19887415536885,46.48698053605491
1,0.3491781103022859,0.10255750420304734,258.4890271876777,31.500997150399076,50.31667156274515
1,0.35553615884928474,0.10321158091308415,257.6326562520316,23.53575539519486,43.38336548909647
0,0.33375482736938433,0.1017540895402788,256.2743141978364,18.217640002398518,40.47678861600442
0,0.34186873580982924,0.09637245182143868,254.45703993906372,36.419182106540305,41.15166834810554
1,0.35129430952152635,0.10139376051358509,258.8567171813573,38.59266986007946,49.82505503486201
0,0.3421375989165708,0.10132942541550426,253.34217666977523,-18.021061772509245,37.12217363420887
0,0.33670655317553455,0.10047720240371626,253.47221590746182,-3.74113159810046,39.651064773718886
0,0.33488031089731474,0.10124802878848889,254.5793436731874,1.4395183023182034,47.63464202305663
0,0.3504668897151778,0.10356026152588542,252.8804448945723,-5.644707377006494,43.73016898455223
0,0.32854563586919344,0.10103426079602838,255.23208043686932,-14.379059583082151,46.67812246193155
0,0.33879435666148466,0.09887240698141052,256.24020434900115,-2.67428044361137,43.60672081373792
1,0.35105867040769545,0.10370669288733214,257.98340970393133,31.143202786604633,46.724137888574916
0,0.34582796136432437,0.09881319245332522,253.10360781242804,-13.708513293668583,35.72858858604304
0,0.3385410127110394,0.09910400504985836,255.68885520699743,7.651453277273467,39.15830687733102
0,0.33756567960761125,0.09891266599701204,255.6641780786449,10.683034228758872,33.97642063456314
1,0.36513975862945597,0.10279310742795075,256.5169390958966,18.62837285312817,43.94261798637763
0,0.33180172504847316,0.10253303257880136,253.69189678781996,14.12353351015228,35.01092524923975
0,0.3406579001216052,0.09835509687871886,254.9341370712572,-10.52829121155489,48.39037085286675
0,0.3479332809874487,0.10021731413062579,253.83776009829148,7.453983090266593,39.96192339427042
1,0.35282692083903405,0.10581447242846931,258.8964785860656,19.693334600724697,46.84754785233123
0,0.34042816200453596,0.09918435096768281,253.4938259856984,8.504675121950397,33.77996320484116
1,0.34620349476066375,0.10201871692584157,257.67157012824833,33.08007520768549,48.70780222404787
0,0.32799133729153107,0.09955722593782845,254.63252783417423,-1.0540951527927573,42.740793184625645
1,0.35058661065699664,0.10410649077188919,260.99314007836415,27.925398254259687,42.00252538361256
0,0.34460632810698605,0.10171406230196191,252.06187445460995,1.029133953738322,41.07609654296586
1,0.34163393936511816,0.10450431573299429,259.44772766089727,37.22186940670582,45.07762151843665
0,0.33980916868739447,0.09958757692232142,255.15938257237275,-20.853574683113898,43.105448807765825
0,0.3307984112861777,0.1015408865154855,257.7366968616643,1.9570881413132524,41.920040183676
1,0.35635978620083886,0.10216554352274926,257.1855379777734,28.895126070808907,52.56268886851703
0,0.3388122494790601,0.10033582868099453,255.306920461382,-34.002163224649,41.70118115573427
0,0.3595839946679649,0.10126180884889227,252.1749078471641,-8.344973240853053,35.778254731303015
0,0.3348755068009761,0.10063522144746367,253.62652227032726,9.800326459872185,39.97311749711925
1,0.3505956574750542,0.10328831767637005,258.5504760031704,24.925987270867648,46.125554045488016
0,0.33377435078823053,0.09911304216505841,253.93899979018116,1.1856005390733342,36.96665795629951
0,0.33326773950943567,0.10088738566682773,252.49571862354122,1.618514275799734,40.470886776180194
0,0.33567120410204204,0.1005071688522153,252.80996825049715,14.02561101655558,38.927445525879136
1,0.3572498847326283,0.10310988345449006,256.93040879959835,39.58289247363247,47.38919263491164
0,0.3366812659696892,0.09656703430572275,255.9661171593492,27.248245550620172,38.21067719126493
0,0.353077277862031,0.10025573467680428,256.8954886619284,14.439038491464755,41.514042597830894
0,0.33590612852094626,0.09956258023325389,256.9094881272423,-14.577787334899428,39.499920189561664
0,0.336745502169954,0.09782505440987092,254.85677590795174,-0.08103617939312396,34.40277219505973
0,0.337383763677335,0.10001366798619055,251.03754981983002,-24.531543170409243,41.88186839447015
1,0.35259400101243754,0.10409941007362798,259.68228404876226,36.39902010491919,46.88471103625656
0,0.33778331688340263,0.10110799016857791,255.34760157879919,13.353999322020023,38.87048764632331
0,0.3458859589548568,0.0990707560627236,254.1506016180963,-7.062007864407071,43.305435947558394
1,0.3500315445185038,0.10181598362855054,261.8985055773856,14.567623156383952,43.369166477736016
1,0.35138159209753855,0.10400799437578384,257.61916173028067,20.299434567284333,49.763129889536636
0,0.34180767014769015,0.09805343747108126,250.09328385210912,-21.08893699269078,39.63043698050813
0,0.34000167146583793,0.1016290664913941,253.71569119621088,-8.102401183554976,45.158452655901755
0,0.3546955763071759,0.09957870327343218,259.8965877269528,-20.94930514132116,35.39291675704791
1,0.3606375010414918,0.10048700240619533,259.0482112632987,19.70538645280277,45.55929647310901
1,0.3559540753024947,0.10557254987147925,258.505558953829,4.995255079777127,48.8323119554143
0,0.32914823247810904,0.10109858278088155,256.8331896545219,-5.38246237622211,46.696565954680175
0,0.34194328585263684,0.10146217068811453,255.43515431473176,6.748948613883775,40.57841583017573
0,0.34749866820945285,0.09905894880167251,255.82499570148332,-32.524875997098725,44.315325165209785
0,0.33561391990922906,0.10312500868158912,255.59114411085568,13.902215158644411,40.177424245929394
0,0.3386912149055241,0.09986022966791673,251.16359332628653,-6.215526317078599,36.295818230898725
1,0.35767725429560854,0.10466154275567335,258.21050554627124,35.81865311831439,49.553389078923146
0,0.3328636958371888,0.10039412353831785,258.2786817615045,-4.238591494114197,40.40734560119887
0,0.34101211246444035,0.09957468235528591,256.3151921768301,13.863415296671873,38.60249450621482
1,0.34764815192829884,0.10575266586993243,259.587209630801,24.97214542871304,46.06025416429191
0,0.34529898960052885,0.10153711150805034,253.20214066244316,-15.505959011368198,39.76920487235118
1,0.3544540556639458,0.10508855343896592,256.8460275556136,-1.2037924034821508,43.34344426857904
0,0.3459677601830742,0.0969430112617101,253.5840859341156,6.244942314647399,39.42865307782066
0,0.33511624417053615,0.10173137915430437,255.27438140268194,11.148261022906608,37.628681227596196
0,0.3307895963874735,0.10043876548844911,252.9561354428969,0.9660542525478907,37.499937692032404
0,0.33489043919377376,0.10024705169287634,254.73539197772098,-5.201793214874433,38.54586138264697
0,0.3447241191407997,0.09747012050121655,255.76057260798208,-4.969588416594477,42.47587759041089
0,0.3402883284246625,0.09876427939420213,255.73346330244956,0.5994444584268305,36.79873578316291
1,0.3717158383127403,0.1043161637270552,258.360102285656,33.52097950573561,41.872883662802934
0,0.3397500822636955,0.10025737433752321,256.04137211437563,-2.6569619418313692,35.43456317421826
0,0.32957698789098466,0.10222337282624894,258.7524775347616,-9.843993063857555,40.06169351747563
1,0.34228643041057705,0.10336292479004228,254.62668581522556,38.35653188964776,47.40576688323728
0,0.3504354264179293,0.0994870522435183,255.23846040591673,-5.822939642484553,38.05756302148116
1,0.34658118160167845,0.1036026958818187,256.6719568563616,31.189221201050884,40.081764368622316
1,0.3381783772101996,0.10176162615794274,258.6147962467497,29.446581329242488,49.52431600878883
1,0.3523563557218535,0.10309669329406759,257.88359212830983,36.13113824506926,49.601190245256745
1,0.3475295632233352,0.10384329879818559,258.67095493216095,11.863864320282449,37.46689608151175
0,0.348640083903267,0.09842488211035544,254.1102027804371,17.253279889029645,41.67482042218251
0,0.3446000880537727,0.10152032258019045,253.20341803700407,6.3875487509878415,33.26819728635949
1,0.3555946643120966,0.10411090301620125,257.9741409395199,12.478700271158568,47.74836282858184
0,0.34181096049265236,0.09976520306619599,255.44762742467572,0.3415502276841343,43.76595029810537
0,0.3481096796032103,0.09910604050145946,258.32204943243835,-1.2539814450448905,30.422457331841727
0,0.3503723391550167,0.10035985114189946,254.9642487142024,-20.474131049948898,37.38650387145008
0,0.3381431050186559,0.09863116168088396,254.24430644258075,-18.391553193360647,42.54205554405234
0,0.3277012601656157,0.1007100301953067,253.30790659123898,13.106848670302647,43.7595997978748
0,0.34275695562789266,0.0978098245218082,253.77235989642807,-12.471740293094166,40.074700767816694
0,0.346529692123497,0.10297051010855865,255.87993671525004,-6.787549741106207,40.89864259546989
0,0.3473856373969724,0.10036121797715876,255.71699550837806,-9.281583305284462,40.83983069953852
1,0.3614742229227406,0.10286704714488976,260.0490554627599,34.20012760381193,50.159934276896685
0,0.3344804233151872,0.10058793023964177,255.91843345734065,-25.311375008805122,38.664042345586154
0,0.34172723241210756,0.10046265891317897,253.56871476778278,-17.145220943437156,37.700383317401084
1,0.3444626130638747,0.102751091740033,256.7137472969381,39.6777533678969,50.87734922649354
0,0.3265474171058937,0.10029493262583182,256.51243975024806,-10.134797287576959,45.7595643108291
0,0.33305148432841186,0.09901825210122685,256.265210366727,-17.97197745341997,38.07531157952673
0,0.33889011443047384,0.09995273871378572,256.20106009391753,10.58171463890236,37.626334753770436
0,0.3426948010416886,0.10153069614082956,255.19390654991085,14.651362084480082,47.610282407794124
0,0.3352957817084008,0.09720668421349629,256.15467418238774,4.219436444547737,42.76707920075322
1,0.3629388446447489,0.10354349275751269,259.67697174339685,31.53575334295651,47.725976583627514
1,0.36102666680519796,0.10487160743460376,257.75749414789226,32.24272797924605,44.139041625791435
0,0.34355643979053846,0.09955477771110542,253.63108831587562,-4.253673453054832,33.254183692384
0,0.3411334875919853,0.09700489451168985,254.17614613711115,5.151229163388246,41.81615429413355
0,0.32768798128246324,0.09892064058852262,254.6672761489561,9.154652822010712,39.07534409890579
0,0.3280078963412248,0.10118812213693867,254.92521757478676,21.77617277785902,40.1397413494419
0,0.33686921023332717,0.10064345143076452,253.7090303353389,-7.813263615926247,42.38525251507324
1,0.34568399441724246,0.10367247969262922,256.99915918225594,37.32214141552956,42.43318057047229
1,0.3557986659558116,0.10301639015042435,258.1242284587009,35.21406045566095,40.83104191063614
0,0.33847380192257803,0.10176675532473617,251.96232051715862,-2.5652333074417206,43.25764157438117
1,0.357362466997368,0.1063998583043525,256.53374545041044,23.098836042487918,46.09661992709733
1,0.35472640717949466,0.10580287795965902,259.33194414424275,21.71938574809596,48.511056407862995
1,0.3512599685031333,0.10156243108766032,259.65869738572303,35.31917014402287,50.54556577562266
1,0.35794106260909025,0.10340356347035062,260.54476713315944,19.427282604787177,45.10891040959318
1,0.3544386921676901,0.1058399903170964,258.3185667739074,24.435443026968493,43.75938357337531
0,0.3461454710168607,0.10066657876163605,254.50769283105706,-8.598216038587385,47.115471771019514
0,0.33358181520663693,0.10107078263542842,254.64143698896015,0.48752468514190334,45.40004757532863
0,0.32101266947927676,0.1016041586851535,257.13406413323895,24.103476932285123,36.311564695169004
0,0.34726733323207143,0.1006955969399638,254.22250203665203,-14.392435946002038,40.769478796108785
0,0.3418081385058826,0.09885184858028961,257.68971274638596,-7.2328515476377175,38.445678035430106
0,0.34044403482760743,0.09867965131790984,256.3759384199264,-4.303847781967473,37.611035166537114
0,0.34048542121187986,0.09823889205356072,251.63947406060348,2.654838972701094,30.49533003641433
1,0.3464489971171392,0.10576491646337284,261.645792489584,30.392856331901452,48.87208667781738
0,0.33453997385120865,0.09962090940961449,255.6151538776242,-14.788693267391956,40.17910502249976
0,0.3465703890262551,0.10158410643986801,255.95673324072416,-6.839624769585839,40.490532944800066
1,0.34330441942512707,0.0991616247725315,258.433756373184,3.7790009562418128,43.4785164361997
1,0.34872079483604274,0.10550572464986743,261.29838396840944,11.833302603247464,45.47669057484084
0,0.35056124985934756,0.09996205745787984,253.36550995100947,-1.8237844346827718,40.53506988185125
1,0.35600914809090795,0.10562021106496385,257.33571854044726,51.769897883180846,42.23014596214965
1,0.35589559279313443,0.10187201091263631,258.3911015474125,-3.0085810182650192,49.15910711208859
1,0.35528703147635077,0.1041643581602416,260.8531325470304,22.110993359439725,46.86489735653343
0,0.3561682195567556,0.09939014478077748,253.41764831267105,-9.078120326803552,44.43498710729751
1,0.34530015900575683,0.10492023962331466,258.9183759552714,15.824760488934974,47.38936617825444
1,0.35632814567543014,0.10619139622282556,257.6367024800631,28.062195252562738,50.31504854622491
0,0.3385184430584528,0.09911946282868306,256.58435154407465,0.3685920652928375,36.61283975731501
1,0.3582741985051878,0.1029396824794424,256.9101189516977,25.030370262114364,47.08246796458631
0,0.33599840588715196,0.09957552026712259,258.08921167065483,3.301511965658003,36.10906805542447
0,0.33868662427701735,0.09912837925546857,254.86571129741372,-19.51836382199775,44.71645766867826
0,0.33998761817925816,0.09931601473830189,253.38425339069525,10.457764680291525,38.55082606618534
0,0.32458877186723445,0.10053129981992966,255.42584806078455,-13.549815155871592,36.37396541285577
0,0.3417652899751056,0.09667339684335924,253.68489370848053,-0.5162781650236247,37.50728493833085
1,0.35350495066785753,0.10580534019411193,259.94784531546554,26.90414222150933,37.89679986515153
0,0.3319249375355372,0.10052054217787465,255.51092542937658,1.5868802298740947,44.64727060404256
0,0.3465358701705677,0.09832035339498213,255.55741900063697,-2.442393152276596,42.053538473924746
0,0.33175267923124785,0.09939445711258374,256.17032313400654,-4.444362698384595,41.06969736841894
1,0.3615277884639768,0.10196576345386535,258.34625647188034,24.189339469472745,50.577750892619875
0,0.3362357796431573,0.10008130583246577,255.66961212281677,4.568175441092368,33.950735630016474
0,0.3338198567475256,0.10066288047635431,255.7188957223875,-2.42010619886491,40.66272390480699
0,0.33575949355557155,0.09796066623116396,254.75886252778992,16.048630886323547,42.55168613283482
0,0.3298813791431052,0.10211825646427544,256.0797445168663,-13.908622686739063,38.296390247640915
0,0.34410709583789095,0.100323295197037,254.62935352998588,-7.647368386618085,40.686232797606
1,0.35413251869635626,0.1057433079333518,259.3230308244532,44.381891250881594,43.04902816563417
0,0.35571853785304963,0.10225187975386252,252.56810369332376,-1.901880168976052,36.147579848053184
0,0.33821801209354563,0.09978579430637353,253.68749286824587,-13.54177634236474,41.03178819180626
0,0.3366601237954549,0.09821852245694525,251.31825282675575,11.335484715545155,41.41595480705641
1,0.35764705813167474,0.10618116083135228,257.7041114629243,24.125995122851165,50.224689871581205
1,0.3504293292054381,0.10548252853685963,257.82972292816993,24.625791361191315,54.388586083707345
1,0.35092969850651756,0.1041396150690393,260.0421659029295,37.12677893200189,48.681493105620845
0,0.35052347934055417,0.09986705957782017,257.03678616250215,-17.37046826295362,39.7263670200005
0,0.32948716168974557,0.10030591092774756,254.88961426605567,7.8209394944549615,36.03083028333728
0,0.35375765613489013,0.10245620583871669,257.19283270453866,25.044999084710344,37.51828415741978
0,0.34032826554904383,0.09912717569850452,254.02129539669176,2.758637211686958,37.02022768640493
0,0.34085822888319806,0.09985775008968367,256.0722245064631,8.730879092456586,36.9920869652307
0,0.33689173495150526,0.09799040047923525,254.04326716346972,-4.32338572921788,38.81383456063797
0,0.3283905505491043,0.09850687309900451,252.99182757383718,-7.099391260124783,39.625985433922644
1,0.3463860201059219,0.09995635940694449,256.4032484471709,45.6169033350711,41.52559491337587
0,0.33773118565299637,0.09926060320777925,254.0436458683872,17.69328023106928,38.589305452961824
0,0.3341740073831095,0.10150968390411445,252.94232339875333,5.485598760279734,42.03584334286515
1,0.35359097939025774,0.10195349082664967,256.502171080766,31.34117187906072,46.22866838695582
0,0.3460766732395112,0.1007942640372702,253.2895359009176,-8.948998514904131,39.65681916920671
0,0.3414660594132394,0.09847288546603974,252.49071118071265,5.5934485550757485,42.85458582855245
0,0.32787529283624917,0.1015720295056451,253.75215418854518,-2.876713561300412,43.07418603466658
0,0.3424499711875233,0.09789151755691165,259.79852432551894,1.429977878019742,36.17967722330677
1,0.36010363770037096,0.10606240943425227,258.5468130703234,29.098058795971884,47.663951680189236
0,0.3362511846077859,0.0999351953609566,256.569628650936,-19.369262820561396,40.545040571824345
0,0.33144806757248985,0.09838342840991611,255.51609840671134,6.652475405602776,40.306110822100884
1,0.36234955020219084,0.10244447611881476,258.14893725436326,58.686150162601734,49.585589731546925
0,0.3441376042913005,0.10017968391471996,255.29887777070488,10.620447859854197,43.1725143288781
0,0.34155010810758474,0.1018939965805736,254.2217199344164,7.472726038814068,42.0884997344279
0,0.3455471362885592,0.09908109088288249,252.46005015335882,-1.051391115587775,36.18064752405372
0,0.3526636872078366,0.09814635599095184,255.95778382765323,4.806840512619999,36.42785721122476
0,0.34301595278070834,0.10116461187017053,255.35279021393373,-7.6585817737695745,37.253355354973976
1,0.3605393193889046,0.1039102114296858,259.11519478962896,8.13755432298387,48.24882732259653
0,0.3380196524777538,0.09990916426477361,254.64928346484731,-18.55846949444501,42.48211913062092
0,0.34891069263153296,0.09865305195393818,255.74578377409867,19.771283025709284,40.46150710675051
0,0.35333758182848035,0.10333459560453591,252.10533379575173,3.0906629512668946,35.26925650867903
0,0.35132679523119786,0.10029886700266828,254.0353437384391,-5.536743181426489,45.94699006024135
1,0.3609865238004202,0.10498824294870387,258.684864785272,21.931795557229165,41.71507161908892
1,0.3565438651330573,0.1019504176124218,258.1818825224155,19.71430120803069,40.96580396430624
0,0.33747322722609363,0.10028012507338882,257.4729789999004,-29.643599675198118,43.70090105188284
0,0.33923720453167966,0.09843172975294331,257.1404251316474,-1.2946977178340733,40.55248192057967
1,0.35497036067877136,0.1038892486366241,259.5404240895734,12.61274650376478,47.88512800038511
0,0.3421428024418209,0.10019554210353676,254.35664971253297,26.56066335125674,39.84297392609277
1,0.35093008606346143,0.10498260763779063,259.02314798849903,19.75600078609853,44.78737803998164
1,0.3449323951000911,0.10323334454079724,259.96365472002975,28.92161900374247,52.26323447464681
0,0.3447342055059785,0.10114293989093952,255.90497245827422,-3.2697315501982214,42.90128929167612
1,0.3563650877327967,0.10188735402158897,258.29147613485577,33.47313907504486,40.563408059329106
0,0.32563414609602576,0.09789543498404485,254.4637686195871,5.632990584055186,39.5653663006565
0,0.34015602973171294,0.09895666752528728,256.01689987433184,12.999034287890126,34.37698754659785
1,0.3746239614378227,0.10431810846563619,257.1636964492399,-7.324501347715877,48.926150947660716
0,0.3337059794527983,0.09961463475471825,254.3068277251666,3.604467710740224,41.08821321174918
0,0.34556928308095175,0.10095980432062789,254.83221501649177,0.8745180056382101,41.47526936534304
0,0.33876416855226255,0.09708932884736561,253.98053161014468,-31.634734816880528,39.79190854823542
0,0.33970388616588665,0.09664334962020768,256.5192705469037,17.587397890281622,38.124905389266
0,0.334371129384743,0.10274924701460225,253.67929408204006,-5.4570203952249745,37.535870904080475
0,0.34950953789640243,0.099206808443506,255.5799782738249,-4.723759657207235,37.723012426320444
0,0.3474968968400649,0.09625205222039374,256.75823636481766,-8.237846367305986,39.7441715451091
0,0.3406406567394708,0.09851872021215154,254.73083305205697,-4.713183417018724,38.57795717672293
1,0.3505795400084998,0.10125976054291201,255.19581492105632,34.1799062299825,45.11308456782027
0,0.3419867948251559,0.10157426561280324,254.06728554129063,-28.68547344966128,47.4889131352128
0,0.3426435176052732,0.10106188254817156,255.6453256960004,25.07839822524956,42.516927682635476
0,0.35036927289014413,0.10203441102755223,254.82949675545515,-13.071836963582637,35.67106093571048
0,0.3289646250789591,0.10172098459954955,254.89860768697943,6.700175146431357,42.242315354661116
1,0.3485883148267579,0.10295362732485375,256.7656119259901,43.98321904280431,51.14484721783831
1,0.3554125063145501,0.10464322607400468,259.0175762157487,49.96577497019463,43.46589912424386
1,0.3565647767253231,0.10512209004004722,262.01458640349244,10.302164016207424,48.4766646500683
0,0.34348554716783625,0.09986676234556637,254.4502845068897,-10.446146593102206,34.80462059545802
0,0.3435926003780386,0.10181143334114219,252.1762148567636,-10.28624308125681,42.20201241966095
0,0.33865992796715105,0.10012098911250344,254.29897581252945,-2.3768733815200234,38.433220348436436
0,0.33466198292624927,0.09980859336442152,256.9749098116551,-10.089921423541448,32.39117521950229
0,0.3490742265332086,0.10013706128729795,254.68965842933625,-13.99851225417798,35.74590130084913
1,0.35269663894968745,0.1045903154722223,257.33896473733125,21.027042674877283,44.32942316562428
0,0.33252956323589905,0.10120857610796907,253.13595401598963,38.90520074969595,41.79027037975962
0,0.33578047485247786,0.09982207123464915,255.4938844566067,17.3415554786433,40.036938263754685
1,0.3587912458033811,0.1035248381981076,258.4697224465214,44.955849844492434,55.034112653417395
1,0.35366967687074785,0.10376230464285109,257.6553602190798,38.79704113902244,49.172219286402694
0,0.34334228029227387,0.09940105359569652,254.79817276736446,11.728777475610586,38.73881179241125
0,0.3309513855740577,0.10226819472525088,251.9116019944172,-10.137674838622301,41.84120744007197
0,0.34564795793407027,0.10086746091066572,256.9242421962901,15.791158702416839,41.79803788204171
0,0.34429467342711595,0.09796344293760803,258.23888685098143,-0.794083723452782,39.15265011336528
0,0.34176831761559195,0.10216826897363948,255.64425165345668,9.84897815826095,39.27263507385448
0,0.3387060615399277,0.09916404145990211,255.05880088866073,0.615325104687371,36.30018080960404
1,0.35796799877563606,0.10491058948047853,260.49000562049656,28.536643765450965,45.466439351165796
1,0.3536752584152639,0.1024926661445497,257.9565842615424,30.87467855569688,45.9923147989565
0,0.34048013692402584,0.10089332853089895,256.60386713521103,0.05227380910443007,39.311365081631294
0,0.3435105753540302,0.09738355205072108,252.22292426020897,-1.1481702723515095,41.769019569612496
1,0.34725118531085597,0.09959517318988087,260.6189812788372,38.07126086281833,49.1568900831237
0,0.34321671612617105,0.1024831088846655,254.908477958392,23.969457410334666,39.94726373005846
0,0.333624927169483,0.10344779615430681,252.42238348915527,17.78921852018173,39.79503729482349
1,0.36167763807180975,0.10435177061414144,257.37258778622345,23.808365730820945,45.01869727061025
0,0.3374673578224441,0.09852927005261763,253.00034393630247,11.553928294953122,39.507696923582614
1,0.3500211847551927,0.10590520086840294,259.0538043559252,40.984194503291775,46.840149451164756
1,0.34584028665734695,0.10478512210386144,257.6629161864195,18.726514360636394,44.041210685868634
0,0.3415146190699653,0.10005717175937963,257.86818467492225,4.551163627984593,36.95892894845578
0,0.33369255224001826,0.1001292998766893,255.18970013808405,-1.587570918468255,39.485532006671235
0,0.34663658254399715,0.09985546690872317,255.689561602547,9.869395614733701,43.50509454693817
0,0.33294122096788004,0.09863512244392908,255.33738722073323,9.566989965925835,45.79596631304311
0,0.33955099443050485,0.1013184191723608,252.4575653423022,-27.060728545023522,41.99452095255784
1,0.36026427840811004,0.10465880522783592,256.7908301268634,24.192432168582933,50.77602486630296
0,0.3472431911596603,0.10171470213767936,257.20387799587064,-1.491761368151335,49.0480008213912
1,0.36044256321999224,0.10402229645880853,262.42641567022054,13.784412194481066,48.70136287437578
1,0.3588154576488653,0.10549280253011047,260.87838724719705,30.540024617668173,41.162483547705015
1,0.3529124240601593,0.1045054819927446,257.80600766947094,24.037418817265298,43.923091897972576
0,0.33831090000673436,0.09818840061258954,253.98107339149544,-10.730462381079258,44.57466766415547
0,0.3337753630876363,0.09858893410947384,253.14383597048288,2.5916077059961395,32.1329820413593
1,0.3568077525531385,0.09923431168144937,258.53349518994344,38.213387712498886,47.86141398034711
1,0.3586970438840159,0.10435139883798847,256.6796611742008,38.573864243798226,45.50809141036886
0,0.3428618778559851,0.09977040493694758,254.5226820957037,7.668830729266696,40.30520367128039
1,0.34434821183709524,0.10136340736007846,262.3343694580329,16.61262911036821,52.64303596882047
0,0.3421638123283986,0.10130817900615309,257.63834163854216,6.477390460534672,40.05942040070972
0,0.3445838445713868,0.10278602178113028,255.88017626340712,3.078192829892087,42.951240842037166
1,0.34555585920291354,0.10320565210955422,256.8547388155004,38.55889505705777,41.758833301576544
0,0.3428185787863901,0.10091548080646026,255.21671659410626,3.9023824085200043,39.27413645688927
0,0.34347036183478524,0.09994505866522065,256.26144879972554,16.43171646184525,37.77697873960473
0,0.3404227193100952,0.10008051820646709,256.28239023440017,-8.90481077285423,38.78495339752373
1,0.34401611988524233,0.10173078659086543,260.31291609586117,34.52010311430816,45.90317989618061
0,0.34413627539598524,0.1003750019560898,255.8692929954731,-2.3924162783562015,44.25831359278902
1,0.3520256432718365,0.10225320941917813,255.64574807754173,7.0763661934872495,46.84021840484495
0,0.3418788788936378,0.09973570834741274,255.15683683379882,-1.5593671266233993,44.373043490570765
0,0.33331550641598523,0.10194036808132712,255.36900233822098,-25.345681518168707,36.633518809688496
0,0.3438099546682665,0.09803215307441802,254.08637232602817,-5.0369302320638205,40.03348703259147
0,0.3396473187338099,0.10002635149543988,256.40803036774076,24.00018221090212,40.432502932778064
0,0.3300675058640218,0.10450488082661578,257.11264274504975,4.46453622296559,36.91035414102504
0,0.34123365464315025,0.09752434861018304,257.2403421217359,-7.818480810715696,39.61915371438716
0,0.34679548586877357,0.10178299873586515,252.69055262936178,18.64512523751461,34.717304803232125
0,0.34304585988168285,0.1013510723531795,255.31613727863692,-1.0746041172458665,39.130870722541516
0,0.32578139194756534,0.1009235675785668,251.4898452277681,-4.018509737421026,38.58240432742033
0,0.33151958826540073,0.10007473237188201,255.12646259296733,0.9028959604593412,36.17985383880209
1,0.3497241932780602,0.10063873231821771,257.8724922587891,34.27912316885956,43.193736239000216
0,0.3502077539826304,0.10013739621233902,257.01875120278197,3.6291959249123407,38.69655662775817
0,0.3404391246606364,0.09806941731711824,256.2881925216189,-29.8489611282768,34.80225897668863
1,0.34972719030174665,0.10415835501485105,257.9628727811534,34.51913571294607,44.952804819329955
0,0.3374015381744085,0.1015942621056525,256.00256985944725,-12.71023034271619,39.74302744821508
1,0.361770938076706,0.10480931590136247,258.74149754403555,27.183674222971472,47.88388057052009
0,0.340483499961251,0.099972582200081,252.41942668968696,4.598436340156948,39.66813051624848
0,0.33368157887509187,0.10041578178308762,253.68132056769952,-16.22416857175509,39.95784048623476
0,0.34558441194919315,0.10142163714489656,255.33122339302344,15.83920540528547,36.52656151926709
0,0.34657564388493706,0.09851965522558212,254.39835680641332,-3.3931626263677184,42.911673253950894
1,0.359760382742257,0.10518335579184834,258.00168869560076,22.643555623069336,48.325298676167144
0,0.32649396009637205,0.09835808940197122,257.5053779902532,-2.695821918338528,46.86473077553309
1,0.34840059764078884,0.1062408982622184,257.1220575942018,22.253391866087547,48.115482701855655
0,0.3494547869568121,0.10035902584459219,254.7723243952273,20.53279287360336,39.15063968732912
0,0.34917615616037007,0.09989762791826447,256.30140734118186,-14.623991023762466,37.36235668758859
1,0.34863244300152885,0.10574100572170202,260.2360050609454,17.762660544118667,45.971548984430676
1,0.3472653549388488,0.10367897605609737,259.24675245496275,21.395819782264937,45.289504798019024
0,0.3540341027476124,0.09806662130188912,252.77080539845923,-2.296480520387502,39.922670263633854
1,0.3552617643485802,0.1044912797781002,260.6692757886659,2.961093439846188,48.99909603113767
0,0.3373120311555788,0.1004605831663079,256.0789086518865,16.640605957138398,42.04770538720598
0,0.35361636038314,0.10386010786515833,254.95379506433855,-5.657827937973485,39.12865320381774
0,0.34714595069327553,0.10424178980161934,253.51063726889873,7.240197267693404,40.22503227838711
1,0.3505461264310959,0.10417353394397631,257.89014189647423,22.632582071248308,47.91309863680235
0,0.3394449871849033,0.10303717956119711,255.8617289078364,21.87749995641664,38.92982933764045
1,0.33733493250583213,0.10301621779038565,257.1363637547913,39.56278288827992,47.57424409543252
0,0.33514714147382313,0.1005533933538109,253.7709056399129,-9.008861045096705,37.10118854124263
0,0.33047057631564875,0.09971243811529665,254.38193235317496,8.624104311169624,37.78538857310974
1,0.35764324263272257,0.10149791980674014,259.6002775889814,46.98981198576521,41.145090874047
1,0.3565434706699513,0.10016451555451535,258.7609523159612,28.467570979678886,47.97688887546883
0,0.3370886936281701,0.09878972844743794,253.37883281564103,26.16870273386061,36.3485080795513
0,0.34284184499435005,0.10180828749980407,256.26347893525605,5.232930525493126,35.79470086037402
0,0.33861679185138455,0.10137886087581849,256.4408604657212,-28.81339467399666,37.225936952851825
0,0.3365176172869811,0.099318121833168,255.11172118321957,0.5070272695171033,45.186190281276936
0,0.3445047956934373,0.09931047304562134,255.28059492696147,18.828627051263368,39.91886609360013
0,0.3407102893088228,0.10207954237766545,251.35966765549458,13.379669703548819,43.123700381142
0,0.32988365731179975,0.09856838982590359,255.1678111511006,7.618393979661673,37.49670904749567
0,0.3374718878499738,0.09771885255160119,252.61018529327157,2.70362395209909,39.845475554282395
0,0.3397413044371857,0.09877687464018524,255.9658454145417,4.9282141649369535,44.34085788142656
0,0.3320299898875866,0.09931664302005146,252.97729457312184,-21.820939462177794,41.476308346461806
0,0.338005458729604,0.0997907753798795,252.5411226969959,-13.744991817746717,45.86932810424267
0,0.3414592916229285,0.09673296135223368,255.3102708677084,-6.65084061121102,36.75235047524514
0,0.3426912167713121,0.10123202218683133,253.39224763700926,-0.7238082272136064,36.0905354330147
1,0.3530093265084466,0.10143245185239559,257.7505830655496,21.923412189699697,48.1030497469617
1,0.3573517207150413,0.10304162759651861,262.15374591134287,19.422542792567643,48.373659093223296
0,0.35868748884812496,0.10041116236125534,253.73196272239264,6.495075943037428,38.835195723925246
1,0.3539047758259017,0.09992340150842066,255.08127948805478,20.526579616354276,45.411641906940176
0,0.332604975447079,0.10026775882022224,254.51064770047776,-31.486046386516314,38.205116807315264
1,0.3566594336551163,0.10408619735029384,256.68359704078745,26.8268339565452,50.10716022977348
0,0.34585464595038,0.10001203668597085,256.19856063626406,14.127100127542178,40.48728269253059
0,0.3414511423941129,0.09904368034832244,253.29145935886618,9.842642153025547,37.71789008240847
1,0.34954625990280547,0.10385687349117456,261.35585569357784,39.39274653729966,50.303250016753246
0,0.341316456031041,0.09717306441103639,255.51920556005734,-4.018094809887928,34.95125925603828
0,0.33959967146855286,0.09939952914799446,255.13881324182242,-28.909273770885065,41.98509253258147
0,0.348863684569687,0.10176180339284395,256.88511273500006,4.853417713498838,35.90534532600536
0,0.33410836234585756,0.09732104442314385,257.2493616777701,9.091869728688968,34.76902102572729
0,0.3499397624240811,0.10050486536676308,254.85612543428692,-5.9443007034122495,39.803814096313985
1,0.3593952193535587,0.10501377185200138,259.4623542066808,34.91476982919043,53.77959118484435
0,0.3398634841458428,0.10221902228380227,256.18961429006583,4.50923514027433,39.323940256094545
0,0.335744637061485,0.09868973006773743,255.4494263552551,-5.410074073630673,38.303095161824416
0,0.3435936001798447,0.100893006317865,253.614584742448,0.14110974575123464,37.79330276779625
0,0.3447075264247421,0.10078176788333079,256.865379708765,10.445202089382722,40.18551162623921
1,0.3570506376376023,0.10250830783178529,257.34411298707255,41.97538222128627,44.744360481534414
0,0.336810831807311,0.09879026599017432,254.58468002261165,-1.0414102631760578,41.69092903316938
1,0.34607391117778313,0.10325002103859328,256.1989429374861,22.415953735780064,37.45533159872223
1,0.3440727059335917,0.10152189366033759,258.0244992748922,26.095025545842443,46.3260374321071
0,0.3326200601973563,0.10379462397011846,253.3712038886361,11.650027400988874,39.04431455827366
0,0.34628613445591055,0.10148963574077831,254.47885220914262,6.706763479012465,37.92439030401651
1,0.34422656544173547,0.10664320587262593,262.1537528950432,4.314892828849132,42.67694511161152
0,0.3336378167818111,0.09905131326368213,254.90670899605507,-8.077138790929952,43.06981821699609
0,0.34350461147723366,0.10056306490493636,256.22586944504087,26.123271717440662,47.18742893030871
0,0.33463298611818737,0.0974835913657991,255.22495296375698,-16.70442330989723,41.07343270717014
0,0.33789905857899216,0.10211650899022798,254.7713464960936,6.831088219600353,40.73353196540508
0,0.3430254749272174,0.09797224265988562,252.61765303894092,10.54457403185087,36.19523268916445
1,0.35275051528083484,0.10388235317466823,258.262068180362,11.126532089932798,43.75635736049437
0,0.34182765182480823,0.10266686761144349,254.6176396144394,12.480871692327758,42.34505975325227
0,0.33203439585470423,0.09966501165825134,255.1242489767131,28.07731483387785,42.675373000584344
0,0.3294659563282004,0.10205485997735003,255.08600974092064,-5.2016153238079585,34.87927699160357
0,0.3422112075276406,0.09948931233604076,257.4506657148753,-7.901504579837095,40.363826022977356
1,0.3460208297934494,0.10307342594649396,257.66764909308625,27.31496395607861,42.41903233507731
0,0.34252675694747686,0.09916241975527712,255.3713213593646,15.110979402242535,37.10599517173887
0,0.3545080553748968,0.1000638767929825,257.37790654767525,0.8959868152558839,48.56811597489092
1,0.355782843277995,0.1024142372229111,259.4544894220581,33.16355710372576,46.3847097610087
0,0.3347271702075305,0.09942370779346243,251.61251090515537,4.469037265936179,40.00648756535417
1,0.3522562879673093,0.10491258112865258,259.3258222159604,16.053234091650353,44.89664589276741
0,0.349242886914172,0.10171120918281543,254.4143995049088,10.292688988943585,43.04196107638152
1,0.3569508540578293,0.10311305351770599,258.6393724517732,24.417104343815478,49.08725160425361
0,0.3405373165382848,0.09899714515122464,254.01770852825547,5.762083492489759,38.86774949210964
0,0.33929568528962833,0.09801316274447647,258.00086358906407,-3.5183198632740327,36.5975268236832
0,0.33756258923853827,0.1023133315126839,254.72514231369084,8.513390059666175,40.57209391292782
1,0.3627649304523846,0.10549872994939632,260.1298092923192,39.258563568296296,46.1897702114335
0,0.34008120903395045,0.10029833408363144,254.3554060187403,23.354820764003957,40.27788687610451
1,0.35144748156294187,0.10365697155423353,255.57033466162423,22.127157947147712,41.93430814655177
1,0.34887788299901895,0.10194058301567069,254.92625104272685,34.91868238374228,44.15070657180651
0,0.34595971153826277,0.0970935572973859,256.2391412149068,-3.2768918518966683,40.274689753531476
0,0.34206932022498626,0.09907682267853092,253.70469961509258,-7.783704811125131,42.669968556860425
0,0.3430243923584243,0.10284483201627628,254.63782894975415,10.511606815558816,41.839669924433416
0,0.3347996597542339,0.10124441005529299,255.31441614254038,-8.623441446695768,42.42425070472704
0,0.33198818876055386,0.09811042101552837,256.21777521732804,-21.09740081854788,41.155315489457315
0,0.3332018445399384,0.09974135212095349,254.56711675833319,-11.447604675683031,40.53966271365285
1,0.34339230093508366,0.1057302243833836,259.45547062718623,22.873222917176392,49.39532231726711
0,0.3394721015720918,0.10111220604500669,255.15175377814467,4.532358719022515,36.80381634835745
0,0.33293320108300706,0.10055094035962343,254.40998511920213,2.485487485372588,44.66035666822397
0,0.3454318802501367,0.09958029401080275,256.31930602971926,25.687705998417446,36.96534692054427
0,0.3401648609924529,0.09805147662589142,254.08581392441752,32.708613348447706,39.798722791426755
0,0.3555522244228218,0.09752618509974306,254.04339795050765,13.119962973944535,36.432209395484705
0,0.33898632132499046,0.10025467418274597,254.97440878080175,5.150726869870814,44.617314502872055
1,0.3554345683335122,0.10147200621939327,258.8107362460219,13.738290798703806,46.17291124025963
1,0.36009587042827657,0.10450676732256055,257.6417006580115,18.442682596418017,49.78560157889259
1,0.34883453479994814,0.10337644226305717,260.4483957480227,11.45446881055845,48.79212465107649
1,0.34466462130374875,0.10493739004189102,256.5308006563452,22.915831207675147,46.48891165107191
1,0.3575093145783493,0.10391511371307666,256.91016698274757,52.68701798976831,45.888453641923974
0,0.341770182882275,0.09841570833143541,254.8320984032289,-22.261259081153913,37.89659508891783
0,0.3404127415020395,0.10252042073283704,256.8880906761261,-25.573727564791483,41.77508609109085
0,0.3456983462116484,0.09699705266514262,254.97426799292796,-5.190920843315814,39.90010002220941
1,0.3590510537295835,0.10768321404271008,256.1242121921054,33.47549718641471,44.549813629133475
1,0.3479707996809762,0.1023524508793051,257.9242555046272,28.113446408082872,51.291544966371504
0,0.34854804349686647,0.10208867843953096,255.75821575159554,-9.177903191077387,40.437962104021814
0,0.33803425661016556,0.10120598132246098,253.02985531606154,16.390009395463988,39.19987040134766
0,0.3423867481711034,0.10049886241278692,252.47261461336413,-13.838541587084272,39.349529636503675
0,0.3361171238395322,0.10106220364786056,252.00209493575198,-15.614548947087002,43.53292049192781
0,0.3386054088563171,0.09944713720153697,253.9503730458552,11.828370853578232,44.227029569000564
0,0.3482557466745646,0.09949558098472827,254.0945493047651,-5.9462226528249476,42.380327525927555
0,0.3485406658705535,0.09959065319984547,253.84505953331998,-1.5588823420803333,39.08757227214429
0,0.3451987946147027,0.10051845896506328,256.84502057155254,10.253469708582678,47.66096047607106
0,0.3418311831039465,0.0988977193965,256.9498471031639,2.983887669395361,39.03590908563855
1,0.3588200544833246,0.10401563646793205,260.574074978832,-3.498925351342745,46.476935886477364
0,0.3448983495653992,0.09737371938684418,254.4072374579865,10.11736132935691,45.180561731514544
1,0.36604610974475077,0.10406983876839322,256.6123129959269,38.162531038756114,51.1825796813701
0,0.34975945369193573,0.09828397007621836,255.7855661882603,-0.3511082406766405,41.71951707931359
0,0.3350038771778056,0.09652041591533568,254.80210131490148,-3.3748355431272077,35.09417153394506
0,0.33717490598431354,0.10069192914848427,253.46979634213233,-15.373337176530804,38.109790532099986
0,0.34682540416584684,0.09900763073906624,254.98494596591928,-3.1510088089530273,37.363966358802905
1,0.3497430910412477,0.10121176556422845,260.1130429623213,48.42344326324558,45.32601903785309
1,0.3547658356478446,0.10327335682890425,258.8302924307993,48.70059077267243,50.78292677801955
1,0.3511146070360283,0.10451748190272032,258.86989152819393,29.84661279044854,42.43022336502575
0,0.3448634772353778,0.09961054822547012,252.4328103585397,-21.925123963326694,41.567949143832465
0,0.3466857724969036,0.10168677752259261,256.7324029400397,-4.804976392525578,42.373943004573064
0,0.32444013988401854,0.10058173993993622,254.95177829854444,-5.663612815824165,41.885107159513176
0,0.3339623717204402,0.09856819175655342,254.76660535047486,19.080678060096027,42.85448682551032
0,0.33956898480937525,0.10170278877785031,255.91342213125748,10.380302251076726,39.78914300240093
0,0.34315664215159747,0.101056450429149,252.82935730168705,0.04246759335792486,42.13107329357143
1,0.34478285889014676,0.10134060832391953,258.9915472299428,24.722006851446203,51.753599496148986
0,0.34456101721820337,0.1029644761510364,254.03152479098685,27.74440074189819,41.516886381726906
1,0.3528633837294006,0.10189324896499133,256.0708022371988,56.88179988970704,50.293963967654584
0,0.34068794270485353,0.0996686947585116,255.30025144611494,-5.609743926119053,36.439287332612665
1,0.3619416707704754,0.10307569942927317,257.27875557772455,5.066571667250084,51.60872807322752
1,0.36304455685485343,0.10179884782039232,260.09008387360973,22.369857410406397,47.42288573039472
1,0.35540802314975906,0.10448234631189882,258.11845969647896,37.0224135131719,47.30643567816593
0,0.3434748873953474,0.0988072837404165,257.45610749255127,-2.098905443810664,43.81313570443357
0,0.3413245395071231,0.10022004267120599,252.79864060810755,-19.659631974327784,42.333039896947106
0,0.3407120565756194,0.10364255527740328,256.99749534464917,3.35967519948426,40.25972681712533
0,0.3378155112734757,0.10111733255471514,255.67417749476115,9.410235357181614,41.06302981296592
1,0.35230056625148864,0.10328928738678546,257.88368176021044,29.627845567993294,49.53743661575935
0,0.34123400627180067,0.10030079941379907,254.63950165971397,24.816616456845168,40.35676971277781
1,0.34431147618919433,0.1028549939081916,262.2504876315526,5.598770579151751,46.567673162395444
0,0.3308858205195355,0.09605755662301416,255.44562733633109,18.61885217978344,38.54481337649822
1,0.35420975145719524,0.0993344829237136,258.9258356811356,33.96270913518536,46.66068701873361
1,0.34630638588871665,0.10253555134912211,261.8210929726993,11.534132849589938,48.454042217755045
0,0.35095489230114946,0.10148329435592965,255.3700510835213,6.536128597000777,39.99284533106708
0,0.34922671628027324,0.10160087635404802,256.83197051613155,-10.780663875490921,41.64539533136972
0,0.33707770960113315,0.09801159239512239,255.1199816240701,13.717661858401051,36.90405089942016
0,0.32674433788307,0.10128737229528649,253.7358686371517,8.973823105134912,37.4164683229031
0,0.348868180984356,0.09957209351640238,257.1723933176674,19.74910358511574,36.28843452109148
0,0.347362541182734,0.09873467545348612,256.40849895421763,-17.783020922937897,37.9491496198996
0,0.3507380009915705,0.0984077398810113,251.13290503997942,-14.953982880467489,38.89303838969813
0,0.3325219161616295,0.10050010875575546,259.1774124588442,-12.141709839462429,37.94404476144622
0,0.32814671917941923,0.10217591007882212,254.86635788201917,-7.504639128779154,37.645362706404164
1,0.35033964460103956,0.10524205994190323,257.59922470741895,35.01856322178975,47.49777884012502
0,0.34403271458573975,0.10097290121520205,253.89349203516096,2.712856298670712,41.047596701148926
1,0.342253042412178,0.10431934334883794,256.42191976775024,9.326094974266795,45.585375357023814
0,0.34387563398052456,0.10093184873620055,255.78982741327448,1.3855688790608165,34.165055128426026
0,0.3265718406482413,0.10100578469630683,254.2648075051655,-4.342436313626564,46.195094906266725
1,0.35114432182140576,0.10470993147468015,256.71361107034704,32.30196745570351,50.479700551991016
0,0.3485467052207431,0.10192726301113549,254.33826081062762,-10.984061138862169,43.056552938444774
0,0.3399148911943967,0.10212688801113186,254.7359420585739,-7.101720090308054,43.98700573317983
0,0.35361626346100344,0.09950017283406193,256.4141838272836,-2.9629311645821153,41.1815917069095
0,0.34540809480770596,0.10125977318173812,252.4854560243784,20.751489319815587,38.0405635617304
0,0.3457241948364494,0.10222590874868052,256.02358605925065,-8.09179278092995,35.9796200376762
0,0.3459627063486163,0.10194288584742134,255.09825259592182,-1.533563750086302,36.30517643489314
0,0.3480356499432813,0.1007687222967316,254.5226021722559,10.85370326542269,33.73774153356081
0,0.334101021893167,0.10210461173000544,253.45941483713256,-2.130923062508365,43.4016668017933
0,0.3449447026194251,0.10151102455816424,253.98866344258494,12.252178022195876,35.114374539539796
0,0.34613488864351477,0.10003221138070172,254.33696057578808,12.66100870793567,39.24484058000727
0,0.3347369173946147,0.0995021472062321,254.9605328231059,7.900966434118075,37.483057698747004
0,0.33817603232061705,0.10164387501371548,253.81978858694998,-5.380058640836112,38.246463309357146
0,0.3413214690375609,0.10025845126454819,253.36794025197548,15.873344356175977,42.13396850975675
0,0.33395247075646417,0.09976040571105216,251.11646206490082,-11.17058199279396,39.62946618047676
0,0.3450392378900184,0.10053761949984567,255.98452494094727,-7.327308595630083,38.45108170640058
0,0.3297376217308889,0.09797906418260457,254.1410309923884,8.794953806228323,35.24295218816919
0,0.3449563556783314,0.09992139780086821,254.93957910563023,-20.5157953507354,42.05019595558359
0,0.34159283844830174,0.09910006932785113,255.20753525992833,2.5389735099501993,39.308807569020175
0,0.3325059833048978,0.09945910708419776,256.2268862046117,-13.207542618864803,41.96225671907146
1,0.3304824223778344,0.1029218507382345,260.7115507056092,27.880882244130618,52.427789711129314
0,0.34292521350377997,0.10277941930254582,255.32995731447892,13.599461595591897,34.69426716409603
0,0.3440944992012431,0.09839734460914486,253.67882978713592,-10.842441654995465,42.63454805505419
0,0.34570716538224616,0.09878179902533167,256.6609608239829,9.122123616417817,38.54191972605514
0,0.34890027779676386,0.10110535818417847,257.24837904413585,14.983222587359464,44.01136630448929
0,0.3413252548577586,0.10018941378983433,253.42374073249127,8.473008171770669,47.561502846689
0,0.3459263082696169,0.10292919034624959,254.65408686847968,-19.688595285531566,40.371472439763124
0,0.34533949335307385,0.09743457981070025,251.14044671888172,23.402377379449796,37.96832664369502
0,0.33520957419678293,0.10337419096522363,254.30660167840105,1.300797641953387,38.22655562323364
0,0.35586963539749117,0.09933151592798867,257.85214690649235,31.172965054482642,42.9093318236076
0,0.340622029300108,0.09839384212692058,256.32520282856,14.111822500056372,39.60967092398877
0,0.3345949913243493,0.09724920400539215,253.0361312353774,11.978412866037258,41.915211612659974
0,0.3449854720951691,0.09929253189770447,256.9004881487607,-16.85596040134657,40.47545530411526
1,0.3515818212916184,0.1040138397877958,256.7153439501134,37.55417749805638,49.69678601689544
1,0.35876812755649656,0.10481034997423014,257.4433816248319,13.910814652501564,39.35375157953245
0,0.3407180304542682,0.10128814431772211,254.55727802557143,15.241418151055768,45.4283689297259
0,0.33518967037737907,0.09702711470191315,258.39061863156263,-5.568296242115685,38.10358310077642
0,0.33935628602830054,0.09965000426028443,254.06025798611455,1.6439812454183078,43.1801068919785
1,0.3537704710756214,0.09899063816877528,257.60834133456456,25.134998841653942,55.53022819409459
0,0.352869411792731,0.09876268672686075,254.3277060590004,16.295803216991715,33.120034136456624
0,0.33967093705387247,0.10091035072777825,255.0310002785908,14.408689649304364,42.82905869444315
0,0.3391750137773432,0.10043890117670577,253.55871740971685,-4.671199508906919,41.556903421124524
0,0.3379235977293107,0.10076200448592276,255.16693173939552,11.391860336121905,37.5664994561971
0,0.34795947440397346,0.10300030741976111,256.43988150170304,-18.387730607487597,31.551643305206966
1,0.3417767471939905,0.10147109354209503,260.03605847664755,8.576770313110227,50.487452251396476
0,0.3314732675738076,0.10142792533703655,255.51842627783455,3.8408022055238553,38.64851899427563
0,0.334427926743897,0.10387053189476678,252.7885897032077,2.2577369168170573,35.91415032118496
0,0.3436580251633115,0.09872832937583337,251.28376933812987,-7.018837259771462,47.8411742144001
0,0.33637455883810713,0.09764870288725588,254.78926476204674,-13.872435702401338,46.48332742630829
1,0.3424429232380609,0.10791523406432033,257.53615658582606,28.55628734029985,52.69382976767552
0,0.338673308026256,0.10026571675012497,252.73256582678843,-12.888063982672438,44.36576049107805
1,0.35450256274771536,0.10368626039938247,257.3758238568283,14.846284088046675,48.07919600076338
1,0.3567753747714784,0.10439021033459807,257.09481740180524,23.094119099517012,48.474747624022996
0,0.35350286912631834,0.10315243130226993,257.63743369803746,-24.410776778670854,38.75885705197383
1,0.3485962369312625,0.10523449437642035,256.613299346833,36.369560707019616,46.109800526406495
0,0.3341611508080286,0.09953897864102898,253.74351257355053,-24.311167865607594,35.81363660922079
0,0.3267268144644136,0.09695188340916619,256.8485330367423,3.9073114766631645,38.85027710091636
0,0.3466852646359866,0.10327181722009199,253.21294631123632,-8.096101796891853,37.429374363714146
0,0.34043257681389394,0.10025709273680723,255.47882149566678,-10.606488867162962,43.39530281521793
1,0.35697528946552093,0.10301027237577474,256.1923349520984,15.367395741976724,43.861780907501185
0,0.34128617713792264,0.09964084258025298,255.88392514507584,22.706092896675397,35.96271164140677
0,0.33513408111517073,0.10126903795450516,255.7328974077468,-7.427458518036668,42.538331493542735
0,0.33982554757165123,0.10257756701807919,257.2565775224971,-3.718416208534104,42.4716790316712
1,0.3611295821711482,0.10052566018842456,256.1670408621754,42.27549409773537,50.0320717580462
0,0.3329722634517347,0.10213490575433398,255.91372226454476,4.677112752965814,39.083813965747645
0,0.33255168258379675,0.09932280465766874,256.48998145339635,-5.422900004036724,41.02165117794482
1,0.3442073855702109,0.10130083724019819,261.70778094848566,9.617562277980934,51.5138738125928
0,0.34691539463703175,0.0999427612373074,255.30858014501786,-28.935063998710493,35.82266278434613
1,0.3524324825207469,0.10549039296128666,258.78629603214813,26.59351362928122,42.71971329535882
0,0.33873928426134964,0.0989579266376672,253.33273874951118,-2.174254727817211,39.14577758098099
1,0.3562229581843414,0.10269280148352941,260.36673853716013,37.47687925298217,41.26597595544334
0,0.3459031289368609,0.1020689627384376,253.97103063207575,-7.816815650657491,37.78573054120393
0,0.34232418015773475,0.09519898958305248,255.2100314713706,11.811024174894525,39.54851312673929
1,0.3529081132409454,0.10346030973611224,257.18310804092664,20.10076767054559,49.78508764880051
1,0.36037003168684717,0.100913135265614,259.5591777516365,48.74498493035036,44.20033156187518
1,0.3474822321274632,0.10295258695790538,259.85284189257993,42.87899475420908,49.21231375673028
1,0.33605010401586227,0.10115148450631849,257.905210134313,15.542647129248792,51.190219353637815
1,0.34851438176783556,0.10418929665195976,256.12846089172064,9.580262184497663,50.8207830188048
1,0.3550352987845253,0.1052074162881137,260.793802479494,39.56071602518863,49.33342786838818
0,0.3367702758816761,0.10113597135535074,253.47630879816137,4.139304832518246,36.316914284682284
1,0.3572798625923411,0.10457956193048353,261.55555454790937,-6.661834930635532,45.41964348717883
0,0.33313513552658724,0.10089483015251073,253.06161185633465,5.604259079155126,42.716437790605426
1,0.35816221962368777,0.10744514398545499,258.8597693639956,23.129835774473598,46.643953280338195
0,0.3353073515589624,0.10296786420486163,256.89571967341413,-18.0007277461959,37.544459918414354
1,0.3651643621046392,0.10318672374829894,259.87790139963175,8.043983123280814,50.896899734330475
0,0.3332073687533932,0.09906681744896972,256.33893223677364,-3.407410635256076,42.67880173261111
0,0.33431426881051596,0.0985363049106542,254.5372223453498,-6.346122288678112,38.70888098970104
0,0.32591186253277754,0.09910661894215077,255.65080587909574,1.0202676275524514,42.39703921406406
1,0.3566938546376066,0.10050199420157731,257.52343769932156,22.938487701010054,46.87416972011578
1,0.3520989033488819,0.10217083202431829,259.3000666073271,24.360318808267465,48.23347087857714
0,0.3435010373301754,0.09893131614029795,256.45040980159166,2.6836634567596325,37.083348933295625
1,0.3567549432641077,0.10355322784851503,258.0271168536935,19.67184926125771,51.73531704043182
0,0.3394259023179121,0.10055814045066348,252.29509903420205,3.024610837690724,39.43174425227264
0,0.33738721420813544,0.10115639600985699,257.661059445693,12.116625088890446,40.896206313709335
1,0.3466164596833481,0.10196797931990222,259.8256541719018,13.687000032793016,49.69977271830361
0,0.3434030053620817,0.10088419195610678,254.37301138111758,-18.862048580316795,45.068771643381524
